date,jcd,rno,stream,bet_type,combo,odds_at_decision,mem_prob,implied,ev,roughness,logged_at,secs_to_close,settled,hit,payoff
20260708,04,10,A,ref,8,1.2,0.41629614563997136,0.5578790504447382,,0.5837038543600286,1783491274,86,1,0.0,0.0
20260708,04,10,B,win,8,1.2,0.41629614563997136,0.5578790504447382,0.49955537476796563,0.5837038543600286,1783491274,86,1,0.0,0.0
20260708,04,11,A,ref,1,1.5,0.060674127841496825,0.4614439495269773,,0.9393258721585032,1783493555,85,1,1.0,150.0
20260708,04,11,B,win,8,5.2,0.36303988530230535,0.13310883159432038,1.8878074035719878,0.9393258721585032,1783493555,85,1,0.0,0.0
20260708,04,11,C,trio,6-7-8,30.2,0.10956613263148966,,3.3088972054709878,0.9393258721585032,1783493555,85,1,0.0,0.0
20260708,04,11,C,trio,5-6-8,92.4,0.09716322979578389,,8.977882433130432,0.9393258721585032,1783493555,85,1,0.0,0.0
20260708,04,11,C,trio,4-6-8,179.9,0.08237070091730689,,14.81848909502351,0.9393258721585032,1783493555,85,1,0.0,0.0
20260708,04,11,C,trio,5-7-8,87.6,0.06934153605806753,,6.074318558686715,0.9393258721585032,1783493555,85,1,0.0,0.0
20260708,04,11,C,trio,4-7-8,136.7,0.058757523087786256,,8.032153406100381,0.9393258721585032,1783493555,85,1,0.0,0.0
20260708,04,11,C,trio,4-5-8,341.8,0.05207342958128581,,17.79869823088349,0.9393258721585032,1783493555,85,1,0.0,0.0
20260708,04,11,C,trio,2-6-8,92.4,0.029899072332308735,,2.7626742835053273,0.9393258721585032,1783493555,85,1,0.0,0.0
20260708,04,11,C,trio,3-6-8,79.5,0.02802903686285186,,2.228308430596723,0.9393258721585032,1783493555,85,1,0.0,0.0
20260708,04,11,C,trio,5-6-7,85.4,0.022434797726278318,,1.9159317258241686,0.9393258721585032,1783493555,85,1,0.0,0.0
20260708,04,11,C,trio,2-7-8,55.5,0.021290606048322003,,1.181628635681871,0.9393258721585032,1783493555,85,1,0.0,0.0
20260708,04,11,C,trio,3-7-8,58.4,0.019957679109795373,,1.1655284600120497,0.9393258721585032,1783493555,85,1,0.0,0.0
20260708,04,11,C,trio,4-6-7,105.1,0.01903339195820598,,2.0004094948074482,0.9393258721585032,1783493555,85,1,0.0,0.0
20260708,04,11,C,trio,2-5-8,244.2,0.01885880047563071,,4.605319076149019,0.9393258721585032,1783493555,85,1,0.0,0.0
20260708,04,11,C,trio,3-5-8,195.3,0.01767777580987772,,3.452469615669119,0.9393258721585032,1783493555,85,1,0.0,0.0
20260708,04,11,C,trio,4-5-6,253.2,0.01689111496526724,,4.276830309205665,0.9393258721585032,1783493555,85,1,0.0,0.0
20260708,04,11,C,trio,2-4-8,284.9,0.015965177753083808,,4.548479141853576,0.9393258721585032,1783493555,85,1,0.0,0.0
20260708,04,11,C,trio,3-4-8,284.9,0.014965009820815684,,4.263531297950388,0.9393258721585032,1783493555,85,1,0.0,0.0
20260708,04,11,C,trio,4-5-7,284.9,0.012121693671472183,,3.4534705270024246,0.9393258721585032,1783493555,85,1,0.0,0.0
20260708,04,11,C,trio,2-5-6,244.2,0.006138952778423601,,1.4991322684910433,0.9393258721585032,1783493555,85,1,0.0,0.0
20260708,04,11,C,trio,2-5-7,325.6,0.004406051293729262,,1.4346103012382476,0.9393258721585032,1783493555,85,1,0.0,0.0
20260708,04,11,C,trio,2-4-5,455.8,0.0033179477060307373,,1.51232056440881,0.9393258721585032,1783493555,85,1,0.0,0.0
20260708,04,12,A,ref,8,1.1,0.551648492619478,0.6131561906708357,,0.448351507380522,1783495896,84,1,0.0,0.0
20260708,04,12,B,win,8,1.1,0.551648492619478,0.6131561906708357,0.6068133418814259,0.448351507380522,1783495896,84,1,0.0,0.0
20260708,05,1,A,ref,4,2.1,0.08736208374783269,0.32683008945104575,,0.9126379162521673,1783503517,83,1,0.0,0.0
20260708,05,1,B,win,7,2.3,0.3590550163541849,0.29841008167269395,0.8258265376146252,0.9126379162521673,1783503517,83,1,1.0,229.99999999999997
20260708,05,1,C,trio,5-6-7,25.9,0.1845569380596499,,4.780024695744932,0.9126379162521673,1783503517,83,1,0.0,0.0
20260708,05,1,C,trio,2-6-7,21.8,0.11967182097247464,,2.608845697199947,0.9126379162521673,1783503517,83,1,0.0,0.0
20260708,05,1,C,trio,2-5-7,62.2,0.07690832577043441,,4.783697862921021,0.9126379162521673,1783503517,83,1,0.0,0.0
20260708,05,1,C,trio,3-5-7,20.5,0.05258723652724358,,1.0780383488084933,0.9126379162521673,1783503517,83,1,0.0,0.0
20260708,05,1,C,trio,2-5-6,95.5,0.03472103851225675,,3.3158591779205193,0.9126379162521673,1783503517,83,1,0.0,0.0
20260708,05,1,C,trio,2-3-7,30.8,0.033936308388554215,,1.04523829836747,0.9126379162521673,1783503517,83,1,0.0,0.0
20260708,05,1,C,trio,3-5-6,54.0,0.023772277203313496,,1.2837029689789288,0.9126379162521673,1783503517,83,1,0.0,0.0
20260708,05,2,A,ref,7,1.3,0.4531564678166882,0.5320520927905771,,0.5468435321833118,1783505163,57,1,0.0,0.0
20260708,05,2,B,win,7,1.3,0.4531564678166882,0.5320520927905771,0.5891034081616947,0.5468435321833118,1783505163,57,1,0.0,0.0
20260708,05,3,A,ref,5,1.8,0.3011247724720212,0.3785300978828724,,0.6988752275279788,1783506764,76,1,1.0,180.0
20260708,05,3,B,win,5,1.8,0.3011247724720212,0.3785300978828724,0.5420245904496381,0.6988752275279788,1783506764,76,1,1.0,180.0
20260708,05,4,A,ref,4,1.9,0.2898537937824928,0.3626854290310266,,0.7101462062175072,1783508385,75,1,0.0,0.0
20260708,05,4,B,win,4,1.9,0.2898537937824928,0.3626854290310266,0.5507222081867363,0.7101462062175072,1783508385,75,1,0.0,0.0
20260708,05,5,A,ref,3,2.6,0.22305834397529342,0.26652466606426956,,0.7769416560247066,1783510006,74,1,0.0,0.0
20260708,05,5,B,win,7,3.3,0.32261691702938033,0.20998913083851545,1.064635826196955,0.7769416560247066,1783510006,74,1,0.0,0.0
20260708,05,6,A,ref,7,1.5,0.426019457687637,0.4564525342828765,,0.573980542312363,1783511627,73,1,0.0,0.0
20260708,05,6,B,win,7,1.5,0.426019457687637,0.4564525342828765,0.6390291865314555,0.573980542312363,1783511627,73,1,0.0,0.0
20260708,05,7,A,ref,7,1.9,0.11551553965714592,0.3631398043291336,,0.8844844603428541,1783513309,71,1,0.0,0.0
20260708,05,7,B,win,4,5.6,0.3454931194188949,0.12320814789738463,1.9347614687458112,0.8844844603428541,1783513309,71,1,0.0,0.0
20260708,05,7,C,trio,3-4-5,21.3,0.08841913907938902,,1.883327662390986,0.8844844603428541,1783513309,71,1,0.0,0.0
20260708,05,7,C,trio,4-5-6,136.4,0.08184442980258551,,11.163580225072664,0.8844844603428541,1783513309,71,1,0.0,0.0
20260708,05,7,C,trio,3-4-6,33.0,0.08035720404835438,,2.6517877335956945,0.8844844603428541,1783513309,71,1,0.0,0.0
20260708,05,7,C,trio,2-4-5,97.7,0.052109467324312035,,5.091094957585286,0.8844844603428541,1783513309,71,1,0.0,0.0
20260708,05,7,C,trio,2-4-6,109.5,0.04734137052338812,,5.183880072310999,0.8844844603428541,1783513309,71,1,0.0,0.0
20260708,05,7,C,trio,1-4-5,43.2,0.029890393387532094,,1.2912649943413865,0.8844844603428541,1783513309,71,1,0.0,0.0
20260708,05,7,C,trio,1-4-6,42.7,0.027148929903994017,,1.1592593069005446,0.8844844603428541,1783513309,71,1,0.0,0.0
20260708,05,7,C,trio,3-5-6,103.3,0.022752285080562786,,2.3503110488221357,0.8844844603428541,1783513309,71,1,0.0,0.0
20260708,05,7,C,trio,2-5-6,289.2,0.013452445759232493,,3.890447313570037,0.8844844603428541,1783513309,71,1,0.0,0.0
20260708,05,7,C,trio,1-5-6,157.1,0.0077257778196337685,,1.213719695464465,0.8844844603428541,1783513309,71,1,0.0,0.0
20260708,05,8,A,ref,5,1.0,0.3971887549248284,0.7527942575697315,,0.6028112450751716,1783514989,71,1,1.0,100.0
20260708,05,8,B,win,5,1.0,0.3971887549248284,0.7527942575697315,0.3971887549248284,0.6028112450751716,1783514989,71,1,1.0,100.0
20260708,05,9,A,ref,7,1.1,0.2328800795132893,0.6345096562486878,,0.7671199204867107,1783516650,90,1,0.0,0.0
20260708,05,9,B,win,6,14.9,0.31933432629075803,0.04684299475661454,4.758081461732295,0.7671199204867107,1783516650,90,1,0.0,0.0
20260708,05,10,A,ref,5,2.0,0.32813438488380026,0.34341833119444637,,0.6718656151161997,1783518331,89,1,1.0,200.0
20260708,05,10,B,win,5,2.0,0.32813438488380026,0.34341833119444637,0.6562687697676005,0.6718656151161997,1783518331,89,1,1.0,200.0
20260708,05,11,A,ref,7,1.1,0.25121752212568094,0.6313173873809459,,0.7487824778743191,1783520012,88,1,1.0,110.00000000000001
20260708,05,11,B,win,5,5.2,0.28756985786159217,0.13354790886904624,1.4953632608802794,0.7487824778743191,1783520012,88,1,0.0,0.0
20260708,05,12,A,ref,7,1.1,0.48742454451889433,0.6212699305193502,,0.5125754554811057,1783521692,88,1,1.0,110.00000000000001
20260708,05,12,B,win,7,1.1,0.48742454451889433,0.6212699305193502,0.5361669989707838,0.5125754554811057,1783521692,88,1,1.0,110.00000000000001
20260709,02,1,A,ref,5,1.9,0.18637617848569613,0.3603400478162855,,0.8136238215143039,1783561963,77,1,0.0,0.0
20260709,02,1,B,win,8,2.2,0.234907983287707,0.3112027685686102,0.5167975632329554,0.8136238215143039,1783561963,77,1,0.0,0.0
20260709,02,1,C,trio,4-7-8,19.0,0.05864037379982036,,1.1141671021965869,0.8136238215143039,1783561963,77,1,0.0,0.0
20260709,02,1,C,trio,2-4-8,33.4,0.05175492948988437,,1.7286146449621378,0.8136238215143039,1783561963,77,1,0.0,0.0
20260709,02,1,C,trio,2-7-8,92.6,0.020623897302301897,,1.9097728901931557,0.8136238215143039,1783561963,77,1,0.0,0.0
20260709,02,1,C,trio,2-4-7,347.2,0.018082665116227706,,6.278301328354259,0.8136238215143039,1783561963,77,1,0.0,0.0
20260709,02,1,C,trio,2-6-8,231.5,0.015728160131741463,,3.6410690704981485,0.8136238215143039,1783561963,77,1,0.0,0.0
20260709,02,1,C,trio,4-6-7,308.7,0.015630892587821105,,4.825256541860375,0.8136238215143039,1783561963,77,1,0.0,0.0
20260709,02,1,C,trio,2-4-6,926.1,0.013792119594011151,,12.772881956013727,0.8136238215143039,1783561963,77,1,0.0,0.0
20260709,02,1,C,trio,1-7-8,120.7,0.008444709353239904,,1.0192764189360564,0.8136238215143039,1783561963,77,1,0.0,0.0
20260709,02,1,C,trio,1-4-7,463.0,0.007405848583170795,,3.428907894008078,0.8136238215143039,1783561963,77,1,0.0,0.0
20260709,02,1,C,trio,1-4-6,347.2,0.005647217868309866,,1.9607140438771855,0.8136238215143039,1783561963,77,1,0.0,0.0
20260709,02,1,C,trio,2-6-7,694.5,0.005529057204916591,,3.8399302288145725,0.8136238215143039,1783561963,77,1,0.0,0.0
20260709,02,1,C,trio,2-3-7,277.8,0.004215062644949541,,1.1709444027669826,0.8136238215143039,1783561963,77,1,0.0,0.0
20260709,02,1,C,trio,2-3-6,396.9,0.0032162622965114882,,1.2765345054854096,0.8136238215143039,1783561963,77,1,0.0,0.0
20260709,02,1,C,trio,1-2-7,694.5,0.002620562061585079,,1.8199803517708373,0.8136238215143039,1783561963,77,1,0.0,0.0
20260709,02,1,C,trio,1-6-7,463.0,0.002265594094048167,,1.0489700655443013,0.8136238215143039,1783561963,77,1,0.0,0.0
20260709,02,1,C,trio,1-2-6,694.5,0.001999594859019974,,1.3887186295893719,0.8136238215143039,1783561963,77,1,0.0,0.0
20260709,02,1,C,trio,1-3-7,926.1,0.001727137904952931,,1.5995024137769096,0.8136238215143039,1783561963,77,1,0.0,0.0
20260709,02,2,A,ref,8,1.3,0.375765447244396,0.5305619872637408,,0.624234552755604,1783563464,76,1,0.0,0.0
20260709,02,2,B,win,8,1.3,0.375765447244396,0.5305619872637408,0.4884950814177148,0.624234552755604,1783563464,76,1,0.0,0.0
20260709,02,3,A,ref,1,1.3,0.11394451292512614,0.5222657511989636,,0.8860554870748738,1783565025,75,1,1.0,130.0
20260709,02,3,B,win,8,2.4,0.452372146721859,0.28289394856610534,1.0856931521324615,0.8860554870748738,1783565025,75,1,0.0,0.0
20260709,02,3,C,trio,5-7-8,14.8,0.15147404909102372,,2.241815926547151,0.8860554870748738,1783565025,75,1,0.0,0.0
20260709,02,3,C,trio,4-5-8,20.0,0.11065670763740701,,2.21313415274814,0.8860554870748738,1783565025,75,1,0.0,0.0
20260709,02,3,C,trio,3-5-8,19.3,0.0736740887452775,,1.421909912783856,0.8860554870748738,1783565025,75,1,0.0,0.0
20260709,02,3,C,trio,4-7-8,20.3,0.0499803281148405,,1.0146006607312623,0.8860554870748738,1783565025,75,1,0.0,0.0
20260709,02,3,C,trio,5-6-8,687.7,0.03479603946784797,,23.92923634203905,0.8860554870748738,1783565025,75,1,0.0,0.0
20260709,02,3,C,trio,3-7-8,44.3,0.03319197213546468,,1.4704043656010852,0.8860554870748738,1783565025,75,1,0.0,0.0
20260709,02,3,C,trio,3-4-8,46.6,0.02415008491471621,,1.1253939570257754,0.8860554870748738,1783565025,75,1,0.0,0.0
20260709,02,3,C,trio,6-7-8,458.5,0.015634048288322218,,7.168211140195737,0.8860554870748738,1783565025,75,1,0.0,0.0
20260709,02,3,C,trio,4-6-8,343.8,0.011367667007158262,,3.9082039170610106,0.8860554870748738,1783565025,75,1,0.0,0.0
20260709,02,3,C,trio,3-6-8,343.8,0.00753575649868796,,2.590793084248921,0.8860554870748738,1783565025,75,1,0.0,0.0
20260709,02,3,C,trio,5-6-7,917.0,0.0038428076822109095,,3.523854644587404,0.8860554870748738,1783565025,75,1,0.0,0.0
20260709,02,3,C,trio,4-5-6,2751.0,0.002810575024322245,,7.731891891910496,0.8860554870748738,1783565025,75,1,0.0,0.0
20260709,02,3,C,trio,4-6-7,2751.0,0.0013100669576065374,,3.6039942003755843,0.8860554870748738,1783565025,75,1,0.0,0.0
20260709,02,3,C,trio,3-6-7,1375.0,0.0008729390410962628,,1.2002911815073614,0.8860554870748738,1783565025,75,1,0.0,0.0
20260709,02,4,A,ref,8,1.5,0.08453644411074498,0.4621245248110582,,0.915463555889255,1783566706,74,1,0.0,0.0
20260709,02,4,B,win,5,4.9,0.31171412797674547,0.14146669126869127,1.5273992270860528,0.915463555889255,1783566706,74,1,0.0,0.0
20260709,02,4,C,trio,5-6-7,76.3,0.09171658311284607,,6.997975291510155,0.915463555889255,1783566706,74,1,0.0,0.0
20260709,02,4,C,trio,3-5-7,224.8,0.0758733770111478,,17.056335152106026,0.915463555889255,1783566706,74,1,0.0,0.0
20260709,02,4,C,trio,3-5-6,144.5,0.07558438476142171,,10.921943598025436,0.915463555889255,1783566706,74,1,0.0,0.0
20260709,02,4,C,trio,2-5-7,42.6,0.06553701462476094,,2.791876823014816,0.915463555889255,1783566706,74,1,0.0,0.0
20260709,02,4,C,trio,2-5-6,18.3,0.06528715721892171,,1.1947549771062673,0.915463555889255,1783566706,74,1,0.0,0.0
20260709,02,4,C,trio,2-3-5,41.7,0.05398685118811448,,2.251251694544374,0.915463555889255,1783566706,74,1,0.0,0.0
20260709,02,4,C,trio,4-5-7,119.0,0.028662955627448493,,3.410891719666371,0.915463555889255,1783566706,74,1,0.0,0.0
20260709,02,4,C,trio,4-5-6,58.6,0.02855327041452034,,1.673221646290892,0.915463555889255,1783566706,74,1,0.0,0.0
20260709,02,4,C,trio,3-6-7,578.3,0.027962208670380736,,16.170545274081178,0.915463555889255,1783566706,74,1,0.0,0.0
20260709,02,4,C,trio,2-6-7,57.8,0.0241677780917723,,1.396897573704439,0.915463555889255,1783566706,74,1,0.0,0.0
20260709,02,4,C,trio,3-4-5,213.0,0.02359532808715241,,5.025804882563463,0.915463555889255,1783566706,74,1,0.0,0.0
20260709,02,4,C,trio,2-3-7,109.4,0.02001659639115124,,2.189815645191946,0.915463555889255,1783566706,74,1,0.0,0.0
20260709,02,4,C,trio,2-3-6,80.9,0.019941077720111014,,1.6132331875569812,0.915463555889255,1783566706,74,1,0.0,0.0
20260709,02,4,C,trio,3-4-7,404.8,0.008766107566286098,,3.548520342832613,0.915463555889255,1783566706,74,1,0.0,0.0
20260709,02,4,C,trio,3-4-6,506.0,0.008733045805095117,,4.418921177378129,0.915463555889255,1783566706,74,1,0.0,0.0
20260709,02,4,C,trio,1-5-7,674.6,0.006144911231244083,,4.145357116597259,0.915463555889255,1783566706,74,1,0.0,0.0
20260709,02,4,C,trio,1-5-6,674.6,0.006121335881096958,,4.129453185388008,0.915463555889255,1783566706,74,1,0.0,0.0
20260709,02,4,C,trio,1-3-5,578.3,0.0050561171359108665,,2.923952539697254,0.915463555889255,1783566706,74,1,0.0,0.0
20260709,02,4,C,trio,1-6-7,674.6,0.0022695375039685087,,1.531030000177156,0.915463555889255,1783566706,74,1,0.0,0.0
20260709,02,4,C,trio,1-3-7,809.6,0.0018795152633619475,,1.5216555572178327,0.915463555889255,1783566706,74,1,0.0,0.0
20260709,02,4,C,trio,1-3-6,1012.0,0.0018724256488489087,,1.8948947566350955,0.915463555889255,1783566706,74,1,0.0,0.0
20260709,02,5,A,ref,2,2.0,0.03834663285195296,0.34678235742941055,,0.9616533671480471,1783568387,73,1,0.0,0.0
20260709,02,5,B,win,5,4.9,0.31175676967457466,0.14154381935894306,1.527608171405416,0.9616533671480471,1783568387,73,1,0.0,0.0
20260709,02,5,C,trio,4-5-6,23.0,0.17598827441119558,,4.0477303114574985,0.9616533671480471,1783568387,73,1,0.0,0.0
20260709,02,5,C,trio,5-6-7,25.1,0.17521398375880912,,4.3978709923461095,0.9616533671480471,1783568387,73,1,0.0,0.0
20260709,02,5,C,trio,4-5-7,21.5,0.15997573156804618,,3.439478228712993,0.9616533671480471,1783568387,73,1,0.0,0.0
20260709,02,5,C,trio,4-6-7,43.3,0.084888548326587,,3.675674142541217,0.9616533671480471,1783568387,73,1,0.0,0.0
20260709,02,5,C,trio,5-6-8,50.2,0.038928737176902296,,1.9542226062804955,0.9616533671480471,1783568387,73,1,0.0,0.0
20260709,02,5,C,trio,5-7-8,55.2,0.03535276166010027,,1.951472443637535,0.9616533671480471,1783568387,73,1,0.0,0.0
20260709,02,5,C,trio,6-7-8,53.8,0.01881379151492159,,1.0121819835027817,0.9616533671480471,1783568387,73,1,0.0,0.0
20260709,02,6,A,ref,8,1.1,0.5390580558244144,0.6282787470726028,,0.46094194417558565,1783570188,72,1,1.0,110.00000000000001
20260709,02,6,B,win,8,1.1,0.5390580558244144,0.6282787470726028,0.5929638614068559,0.46094194417558565,1783570188,72,1,1.0,110.00000000000001
20260709,02,7,A,ref,3,1.4,0.07445454960573111,0.495109643029848,,0.9255454503942688,1783571989,71,1,0.0,0.0
20260709,02,7,B,win,7,3.4,0.39536093699992614,0.20386867654170213,1.3442271857997488,0.9255454503942688,1783571989,71,1,1.0,340.0
20260709,02,7,C,trio,5-7-8,28.1,0.16041966374617667,,4.507792551267564,0.9255454503942688,1783571989,71,1,0.0,0.0
20260709,02,7,C,trio,2-7-8,40.7,0.0839955027314083,,3.418616961168318,0.9255454503942688,1783571989,71,1,0.0,0.0
20260709,02,7,C,trio,5-6-7,36.2,0.07321463673069518,,2.650369849651166,0.9255454503942688,1783571989,71,1,0.0,0.0
20260709,02,7,C,trio,2-6-7,56.2,0.03815557026883212,,2.1443430491083655,0.9255454503942688,1783571989,71,1,0.0,0.0
20260709,02,7,C,trio,2-5-7,378.0,0.0373153707911314,,14.105210159047669,0.9255454503942688,1783571989,71,1,0.0,0.0
20260709,02,7,C,trio,4-7-8,31.8,0.031862743610080346,,1.013235246800555,0.9255454503942688,1783571989,71,1,0.0,0.0
20260709,02,7,C,trio,2-6-8,77.8,0.014719779619331705,,1.1451988543840066,0.9255454503942688,1783571989,71,1,0.0,0.0
20260709,02,7,C,trio,4-6-7,85.3,0.014425066073278068,,1.230458136050619,0.9255454503942688,1783571989,71,1,0.0,0.0
20260709,02,7,C,trio,2-5-8,441.0,0.01440039320647663,,6.350573404056194,0.9255454503942688,1783571989,71,1,0.0,0.0
20260709,02,7,C,trio,4-5-7,264.6,0.01410645972421652,,3.7325692430276916,0.9255454503942688,1783571989,71,1,0.0,0.0
20260709,02,7,C,trio,2-4-7,155.6,0.007324302389870415,,1.1396614518638366,0.9255454503942688,1783571989,71,1,0.0,0.0
20260709,02,7,C,trio,2-5-6,529.2,0.006721603745341757,,3.557072702034858,0.9255454503942688,1783571989,71,1,0.0,0.0
20260709,02,7,C,trio,4-5-8,220.5,0.005455850978303329,,1.203015140715884,0.9255454503942688,1783571989,71,1,0.0,0.0
20260709,02,7,C,trio,4-5-6,529.2,0.0025469830555201155,,1.3478634329812453,0.9255454503942688,1783571989,71,1,0.0,0.0
20260709,02,7,C,trio,2-4-5,1323.0,0.0013052052414193453,,1.7267865343977937,0.9255454503942688,1783571989,71,1,0.0,0.0
20260709,02,8,A,ref,8,1.0,0.428819530560606,0.6828782833195801,,0.571180469439394,1783573830,90,1,1.0,100.0
20260709,02,8,B,win,8,1.0,0.428819530560606,0.6828782833195801,0.428819530560606,0.571180469439394,1783573830,90,1,1.0,100.0
20260709,02,9,A,ref,8,1.1,0.41178165965179636,0.6285105581719951,,0.5882183403482036,1783575751,89,1,1.0,110.00000000000001
20260709,02,9,B,win,8,1.1,0.41178165965179636,0.6285105581719951,0.452959825616976,0.5882183403482036,1783575751,89,1,1.0,110.00000000000001
20260709,02,10,A,ref,8,1.4,0.09943039443931846,0.48510647479944574,,0.9005696055606816,1783577672,88,1,0.0,0.0
20260709,02,10,B,win,7,4.7,0.34079032021519967,0.1444998010040902,1.6017145050114385,0.9005696055606816,1783577672,88,1,0.0,0.0
20260709,02,10,C,trio,2-5-7,11.3,0.12848738514419994,,1.4519074521294595,0.9005696055606816,1783577672,88,1,0.0,0.0
20260709,02,10,C,trio,5-6-7,18.5,0.11456722043065844,,2.119493577967181,0.9005696055606816,1783577672,88,1,0.0,0.0
20260709,02,10,C,trio,4-5-7,111.2,0.0869257592325173,,9.666144426655924,0.9005696055606816,1783577672,88,1,0.0,0.0
20260709,02,10,C,trio,3-5-7,125.1,0.08644834820919264,,10.814688360969999,0.9005696055606816,1783577672,88,1,0.0,0.0
20260709,02,10,C,trio,2-4-7,71.4,0.02096896735423687,,1.4971842690925128,0.9005696055606816,1783577672,88,1,0.0,0.0
20260709,02,10,C,trio,2-3-7,90.9,0.0208530225142749,,1.8955397465475885,0.9005696055606816,1783577672,88,1,0.0,0.0
20260709,02,10,C,trio,4-6-7,142.9,0.018675188746516018,,2.668684471877139,0.9005696055606816,1783577672,88,1,0.0,0.0
20260709,02,10,C,trio,3-6-7,147.1,0.01857189656013623,,2.7319259839960393,0.9005696055606816,1783577672,88,1,0.0,0.0
20260709,02,10,C,trio,3-4-7,454.9,0.014057152683939145,,6.394598755923917,0.9005696055606816,1783577672,88,1,0.0,0.0
20260709,02,10,C,trio,4-5-6,92.6,0.013017275558082273,,1.2053997166784185,0.9005696055606816,1783577672,88,1,0.0,0.0
20260709,02,10,C,trio,3-4-5,357.4,0.00980551462190574,,3.5044909258691113,0.9005696055606816,1783577672,88,1,0.0,0.0
20260709,02,11,A,ref,8,1.1,0.34095152032249826,0.622282486808066,,0.6590484796775018,1783579953,87,1,1.0,110.00000000000001
20260709,02,11,B,win,8,1.1,0.34095152032249826,0.622282486808066,0.3750466723547481,0.6590484796775018,1783579953,87,1,1.0,110.00000000000001
20260709,02,12,A,ref,8,1.0,0.5418754779428429,0.9448895868311823,,0.45812452205715715,1783582293,87,1,1.0,100.0
20260709,02,12,B,win,8,1.0,0.5418754779428429,0.9448895868311823,0.5418754779428429,0.45812452205715715,1783582293,87,1,1.0,100.0
20260709,05,1,A,ref,7,1.3,0.33024367532456533,0.5184387977763392,,0.6697563246754347,1783589915,85,1,0.0,0.0
20260709,05,1,B,win,7,1.3,0.33024367532456533,0.5184387977763392,0.42931677792193496,0.6697563246754347,1783589915,85,1,0.0,0.0
20260709,05,2,A,ref,3,2.1,0.2502513712350287,0.3294410901411255,,0.7497486287649713,1783591536,84,1,1.0,210.0
20260709,05,2,B,win,7,6.2,0.33682850352785976,0.11158488537038122,2.0883367218727305,0.7497486287649713,1783591536,84,1,0.0,0.0
20260709,05,3,A,ref,5,1.7,0.45216585195738157,0.4041100949866281,,0.5478341480426184,1783593157,83,1,0.0,0.0
20260709,05,3,B,win,5,1.7,0.45216585195738157,0.4041100949866281,0.7686819483275487,0.5478341480426184,1783593157,83,1,0.0,0.0
20260709,05,4,A,ref,3,1.6,0.26193042136223194,0.4295881735069643,,0.738069578637768,1783594778,82,1,1.0,160.0
20260709,05,4,B,win,7,5.9,0.35057164470546315,0.11649848773070219,2.0683727037622326,0.738069578637768,1783594778,82,1,0.0,0.0
20260709,05,5,A,ref,5,2.2,0.18231815712271526,0.3150808721507319,,0.8176818428772847,1783596399,81,1,1.0,220.00000000000003
20260709,05,5,B,win,3,4.9,0.258186206137754,0.14146488137379798,1.2651124100749946,0.8176818428772847,1783596399,81,1,0.0,0.0
20260709,05,5,C,trio,2-3-6,13.5,0.07733795172916597,,1.0440623483437406,0.8176818428772847,1783596399,81,1,0.0,0.0
20260709,05,5,C,trio,2-3-4,29.5,0.06798156760969153,,2.0054562444859,0.8176818428772847,1783596399,81,1,0.0,0.0
20260709,05,5,C,trio,1-2-3,66.6,0.04426965151438629,,2.948358790858127,0.8176818428772847,1783596399,81,1,0.0,0.0
20260709,05,5,C,trio,2-3-7,66.6,0.02814526762194478,,1.874474823621522,0.8176818428772847,1783596399,81,1,0.0,0.0
20260709,05,5,C,trio,1-3-6,50.4,0.026276368268357036,,1.3243289607251945,0.8176818428772847,1783596399,81,1,0.0,0.0
20260709,05,5,C,trio,1-3-4,118.3,0.023086844955723374,,2.731173758262075,0.8176818428772847,1783596399,81,1,0.0,0.0
20260709,05,5,C,trio,1-2-6,57.3,0.017765063423787142,,1.0179381341830032,0.8176818428772847,1783596399,81,1,0.0,0.0
20260709,05,5,C,trio,1-2-4,144.9,0.015614659510068782,,2.2625641630089666,0.8176818428772847,1783596399,81,1,0.0,0.0
20260709,05,5,C,trio,1-3-7,141.3,0.009536005795275922,,1.347437618872488,0.8176818428772847,1783596399,81,1,0.0,0.0
20260709,05,5,C,trio,1-2-7,181.1,0.006457969036661079,,1.1695381925393213,0.8176818428772847,1783596399,81,1,0.0,0.0
20260709,05,6,A,ref,4,1.6,0.2663420105269128,0.433327109077155,,0.7336579894730872,1783598019,81,1,1.0,160.0
20260709,05,6,B,win,7,3.5,0.3951313769268844,0.19809239272098514,1.3829598192440953,0.7336579894730872,1783598019,81,1,0.0,0.0
20260709,05,7,A,ref,2,1.5,0.17151625979274163,0.4551628324337933,,0.8284837402072583,1783599700,80,1,1.0,150.0
20260709,05,7,B,win,7,3.2,0.38978336004280706,0.21335757770334063,1.2473067521369827,0.8284837402072583,1783599700,80,1,0.0,0.0
20260709,05,7,C,trio,3-4-7,41.9,0.11478317920584066,,4.809415208724723,0.8284837402072583,1783599700,80,1,0.0,0.0
20260709,05,7,C,trio,1-3-7,127.0,0.06707934244076952,,8.51907648997773,0.8284837402072583,1783599700,80,1,0.0,0.0
20260709,05,7,C,trio,3-5-7,102.7,0.04730329655199458,,4.858048555889843,0.8284837402072583,1783599700,80,1,0.0,0.0
20260709,05,7,C,trio,1-4-7,84.6,0.03967207769369231,,3.3562577728863694,0.8284837402072583,1783599700,80,1,0.0,0.0
20260709,05,7,C,trio,4-5-7,74.2,0.027948607094016448,,2.0737866463760204,0.8284837402072583,1783599700,80,1,0.0,0.0
20260709,05,7,C,trio,1-5-7,178.7,0.01626104870437635,,2.9058494034720534,0.8284837402072583,1783599700,80,1,0.0,0.0
20260709,05,7,C,trio,1-3-4,371.3,0.011851510839815239,,4.4004659748233985,0.8284837402072583,1783599700,80,1,0.0,0.0
20260709,05,7,C,trio,3-4-5,209.8,0.008360551710228514,,1.7540437488059424,0.8284837402072583,1783599700,80,1,0.0,0.0
20260709,05,7,C,trio,1-3-5,254.0,0.004893650625591243,,1.2429872589001758,0.8284837402072583,1783599700,80,1,0.0,0.0
20260709,05,8,A,ref,2,1.4,0.15606757771562274,0.4988898849002336,,0.8439324222843773,1783601381,79,1,0.0,0.0
20260709,05,8,B,win,6,8.0,0.32898363471546305,0.08730572985754088,2.6318690777237044,0.8439324222843773,1783601381,79,1,1.0,800.0
20260709,05,8,C,trio,4-6-7,55.1,0.1248952036744439,,6.881725722461859,0.8439324222843773,1783601381,79,1,1.0,5510.0
20260709,05,8,C,trio,5-6-7,122.5,0.05126740009053084,,6.280256511090028,0.8439324222843773,1783601381,79,1,0.0,0.0
20260709,05,8,C,trio,1-6-7,100.2,0.04032633902304714,,4.040699170109324,0.8439324222843773,1783601381,79,1,0.0,0.0
20260709,05,8,C,trio,4-5-6,200.4,0.03264409228575239,,6.541876094064778,0.8439324222843773,1783601381,79,1,0.0,0.0
20260709,05,8,C,trio,1-4-6,339.2,0.025666437084592066,,8.706055459093628,0.8439324222843773,1783601381,79,1,0.0,0.0
20260709,05,8,C,trio,3-5-6,98.0,0.016250891788924457,,1.5925873953145968,0.8439324222843773,1783601381,79,1,0.0,0.0
20260709,05,8,C,trio,4-5-7,142.2,0.015394003248409836,,2.1890272619238784,0.8439324222843773,1783601381,79,1,0.0,0.0
20260709,05,8,C,trio,1-3-6,176.4,0.012771724812008766,,2.2529322568383465,0.8439324222843773,1783601381,79,1,0.0,0.0
20260709,05,8,C,trio,1-4-7,551.3,0.012106978241914536,,6.674577104767483,0.8439324222843773,1783601381,79,1,0.0,0.0
20260709,05,8,C,trio,1-5-6,490.0,0.01046941354229158,,5.130012635722874,0.8439324222843773,1783601381,79,1,0.0,0.0
20260709,05,8,C,trio,3-5-7,169.6,0.007700398618260788,,1.3059876056570296,0.8439324222843773,1783601381,79,1,0.0,0.0
20260709,05,8,C,trio,1-3-7,339.2,0.0060552900247788765,,2.053954376404995,0.8439324222843773,1783601381,79,1,0.0,0.0
20260709,05,8,C,trio,1-5-7,339.2,0.004967430109958977,,1.684952293298085,0.8439324222843773,1783601381,79,1,0.0,0.0
20260709,05,8,C,trio,1-4-5,630.1,0.0031947228362230458,,2.012994859104141,0.8439324222843773,1783601381,79,1,0.0,0.0
20260709,05,9,A,ref,5,1.4,0.1776073580481329,0.49795616774463586,,0.8223926419518671,1783603062,78,1,1.0,140.0
20260709,05,9,B,win,3,2.9,0.2778052552617872,0.24039263270430697,0.8056352402591828,0.8223926419518671,1783603062,78,1,0.0,0.0
20260709,05,9,C,trio,2-3-6,198.2,0.06628733209900244,,13.138149222022282,0.8223926419518671,1783603062,78,1,0.0,0.0
20260709,05,9,C,trio,3-4-6,37.5,0.05405086353607699,,2.026907382602887,0.8223926419518671,1783603062,78,1,0.0,0.0
20260709,05,9,C,trio,2-3-4,174.2,0.04885250214726844,,8.510105874054162,0.8223926419518671,1783603062,78,1,0.0,0.0
20260709,05,9,C,trio,3-6-7,45.2,0.04582686066572996,,2.0713741020909944,0.8223926419518671,1783603062,78,1,0.0,0.0
20260709,05,9,C,trio,2-3-7,151.3,0.04141660105592207,,6.26633173976101,0.8223926419518671,1783603062,78,1,0.0,0.0
20260709,05,9,C,trio,1-3-6,133.7,0.02275150959881191,,3.041876833361152,0.8223926419518671,1783603062,78,1,0.0,0.0
20260709,05,9,C,trio,2-4-6,287.5,0.021127457185996255,,6.074143940973923,0.8223926419518671,1783603062,78,1,0.0,0.0
20260709,05,9,C,trio,1-2-3,198.2,0.020557526713338825,,4.074501794583755,0.8223926419518671,1783603062,78,1,0.0,0.0
20260709,05,9,C,trio,2-6-7,205.3,0.01791885118417721,,3.6787401481115816,0.8223926419518671,1783603062,78,1,0.0,0.0
20260709,05,9,C,trio,1-3-4,65.3,0.016749353650006592,,1.0937327933454304,0.8223926419518671,1783603062,78,1,0.0,0.0
20260709,05,9,C,trio,2-4-7,212.9,0.01322325258207331,,2.815230474723408,0.8223926419518671,1783603062,78,1,0.0,0.0
20260709,05,9,C,trio,1-2-6,479.2,0.008900878101446371,,4.265300786213101,0.8223926419518671,1783603062,78,1,0.0,0.0
20260709,05,9,C,trio,1-4-6,169.1,0.007262157118139454,,1.2280307686773817,0.8223926419518671,1783603062,78,1,0.0,0.0
20260709,05,9,C,trio,1-2-4,338.2,0.006568318201196655,,2.2214052156447086,0.8223926419518671,1783603062,78,1,0.0,0.0
20260709,05,10,A,ref,7,1.2,0.06868370338685985,0.5580315521383709,,0.9313162966131402,1783604743,77,1,1.0,120.0
20260709,05,10,B,win,5,5.4,0.26206628356906825,0.12400701158630462,1.4151579312729687,0.9313162966131402,1783604743,77,1,0.0,0.0
20260709,05,10,C,trio,3-5-6,15.7,0.21232727120038083,,3.333538157845979,0.9313162966131402,1783604743,77,1,0.0,0.0
20260709,05,10,C,trio,2-3-5,62.2,0.13210912390764729,,8.217187507055662,0.9313162966131402,1783604743,77,1,0.0,0.0
20260709,05,10,C,trio,2-5-6,37.3,0.0973934233437766,,3.632774690722867,0.9313162966131402,1783604743,77,1,0.0,0.0
20260709,05,10,C,trio,2-3-6,53.3,0.09429075600176867,,5.02569729489427,0.9313162966131402,1783604743,77,1,0.0,0.0
20260709,05,10,C,trio,3-4-5,79.2,0.03384411406245435,,2.6804538337463844,0.9313162966131402,1783604743,77,1,0.0,0.0
20260709,05,10,C,trio,3-4-6,58.1,0.024123898655435967,,1.4015985118808296,0.9313162966131402,1783604743,77,1,0.0,0.0
20260709,05,10,C,trio,1-3-5,149.5,0.02136843993383676,,3.194581770108596,0.9313162966131402,1783604743,77,1,0.0,0.0
20260709,05,10,C,trio,1-5-6,307.7,0.015728468912112333,,4.839649884256964,0.9313162966131402,1783604743,77,1,0.0,0.0
20260709,05,10,C,trio,2-4-5,90.2,0.015454472985000868,,1.3939934632470783,0.9313162966131402,1783604743,77,1,0.0,0.0
20260709,05,10,C,trio,1-3-6,237.8,0.015227404760691357,,3.621076852092405,0.9313162966131402,1783604743,77,1,0.0,0.0
20260709,05,10,C,trio,1-2-5,581.3,0.009751989930131528,,5.6688317463854565,0.9313162966131402,1783604743,77,1,0.0,0.0
20260709,05,10,C,trio,1-2-3,436.0,0.00944496024757252,,4.118002667941619,0.9313162966131402,1783604743,77,1,0.0,0.0
20260709,05,10,C,trio,1-2-6,523.2,0.006997283234474037,,3.6609785882768167,0.9313162966131402,1783604743,77,1,0.0,0.0
20260709,05,10,C,trio,1-4-5,436.0,0.0024801469120036956,,1.0813440536336112,0.9313162966131402,1783604743,77,1,0.0,0.0
20260712,02,1,A,ref,3,2.4,0.024057263355507195,0.28777895435186934,,0.9759427366444928,1783821163,77,1,0.0,0.0
20260712,02,1,B,win,4,4.9,0.3295654794070809,0.14095295723356863,1.6148708490946966,0.9759427366444928,1783821163,77,1,0.0,0.0
20260712,02,1,C,trio,4-6-7,80.9,0.17844419974378573,,14.436135759272267,0.9759427366444928,1783821163,77,1,0.0,0.0
20260712,02,1,C,trio,4-7-8,71.0,0.13166584158148611,,9.348274752285514,0.9759427366444928,1783821163,77,1,0.0,0.0
20260712,02,1,C,trio,4-6-8,54.7,0.11618527415526426,,6.355334496292955,0.9759427366444928,1783821163,77,1,0.0,0.0
20260712,02,1,C,trio,2-4-7,76.4,0.08565221843221353,,6.543829488221114,0.9759427366444928,1783821163,77,1,0.0,0.0
20260712,02,1,C,trio,2-4-6,39.3,0.07554317987540825,,2.9688469691035437,0.9759427366444928,1783821163,77,1,0.0,0.0
20260712,02,1,C,trio,2-4-8,54.7,0.05559863180638292,,3.041245159809146,0.9759427366444928,1783821163,77,1,0.0,0.0
20260712,02,1,C,trio,6-7-8,72.3,0.04870080351102575,,3.5210680938471617,0.9759427366444928,1783821163,77,1,0.0,0.0
20260712,02,1,C,trio,4-5-7,809.9,0.03194119230961665,,25.869171651558524,0.9759427366444928,1783821163,77,1,0.0,0.0
20260712,02,1,C,trio,2-6-7,106.5,0.03171802245018749,,3.3779693909449677,0.9759427366444928,1783821163,77,1,0.0,0.0
20260712,02,1,C,trio,4-5-6,404.9,0.0281526050408958,,11.39898978105871,0.9759427366444928,1783821163,77,1,0.0,0.0
20260712,02,1,C,trio,2-7-8,130.6,0.023450777349781696,,3.0626715218814895,0.9759427366444928,1783821163,77,1,0.0,0.0
20260712,02,1,C,trio,2-6-8,63.2,0.020745766315177664,,1.3111324311192285,0.9759427366444928,1783821163,77,1,0.0,0.0
20260712,02,1,C,trio,4-5-8,337.4,0.02069084413456016,,6.981090811000598,0.9759427366444928,1783821163,77,1,0.0,0.0
20260712,02,1,C,trio,2-4-5,224.9,0.013402767033890711,,3.0142823059220207,0.9759427366444928,1783821163,77,1,0.0,0.0
20260712,02,1,C,trio,5-6-7,506.1,0.011829844112837846,,5.987084105507234,0.9759427366444928,1783821163,77,1,0.0,0.0
20260712,02,1,C,trio,5-7-8,311.5,0.00874399369868942,,2.7237540371417546,0.9759427366444928,1783821163,77,1,0.0,0.0
20260712,02,1,C,trio,5-6-8,155.7,0.007735740354559279,,1.2044547732048796,0.9759427366444928,1783821163,77,1,0.0,0.0
20260712,02,1,C,trio,2-5-7,578.5,0.005690838001941314,,3.29214978412305,0.9759427366444928,1783821163,77,1,0.0,0.0
20260712,02,1,C,trio,2-5-6,238.2,0.005036090993323795,,1.1995968746097279,0.9759427366444928,1783821163,77,1,0.0,0.0
20260712,02,1,C,trio,2-5-8,368.1,0.003727928419498349,,1.3722504512173423,0.9759427366444928,1783821163,77,1,0.0,0.0
20260712,02,2,A,ref,6,1.4,0.20009390754048184,0.48837418001393157,,0.7999060924595182,1783822664,76,1,0.0,0.0
20260712,02,2,B,win,7,20.8,0.2788244768985334,0.03287133903939924,5.799549119489495,0.7999060924595182,1783822664,76,1,0.0,0.0
20260712,02,3,A,ref,6,1.9,0.23595972895359407,0.3629967985881841,,0.7640402710464059,1783824225,75,1,0.0,0.0
20260712,02,3,B,win,8,3.4,0.2942069245883868,0.20285115215222055,1.0003035436005152,0.7640402710464059,1783824225,75,1,0.0,0.0
20260712,02,4,A,ref,4,2.1,0.28926628358080625,0.3273753168257755,,0.7107337164191938,1783825906,74,1,1.0,210.0
20260712,02,4,B,win,6,3.8,0.2942069245883868,0.18091793824582328,1.1179863134358698,0.7107337164191938,1783825906,74,1,0.0,0.0
20260712,02,5,A,ref,8,1.3,0.4397631211115796,0.5248138684099296,,0.5602368788884204,1783827587,73,1,0.0,0.0
20260712,02,5,B,win,8,1.3,0.4858744889717333,0.5248138684099296,0.6316368356632533,0.5602368788884204,1783827587,73,1,0.0,0.0
20260712,02,6,A,ref,5,2.2,0.17251599120785407,0.3151834988787887,,0.8274840087921459,1783829388,72,1,1.0,220.00000000000003
20260712,02,6,B,win,8,4.2,0.3425888766697765,0.16509611846031788,1.4388732820130614,0.8274840087921459,1783829388,72,1,0.0,0.0
20260712,02,6,C,trio,2-3-8,21.1,0.09490436037526978,,2.0024820039181925,0.8274840087921459,1783829388,72,1,0.0,0.0
20260712,02,6,C,trio,2-7-8,69.7,0.06062164802230242,,4.225328867154479,0.8274840087921459,1783829388,72,1,0.0,0.0
20260712,02,6,C,trio,3-7-8,50.2,0.04604702332877592,,2.3115605711045513,0.8274840087921459,1783829388,72,1,0.0,0.0
20260712,02,6,C,trio,2-4-8,107.3,0.04050916970113544,,4.346633908931833,0.8274840087921459,1783829388,72,1,0.0,0.0
20260712,02,6,C,trio,3-4-8,64.1,0.030751333438335565,,1.9711604733973096,0.8274840087921459,1783829388,72,1,0.0,0.0
20260712,02,6,C,trio,4-7-8,697.5,0.01958560667660692,,13.660960656933328,0.8274840087921459,1783829388,72,1,0.0,0.0
20260712,02,6,C,trio,1-2-8,65.6,0.017955159461675748,,1.177858460685929,0.8274840087921459,1783829388,72,1,0.0,0.0
20260712,02,6,C,trio,2-3-7,103.3,0.010348003660400113,,1.0689487781193316,0.8274840087921459,1783829388,72,1,0.0,0.0
20260712,02,6,C,trio,1-7-8,199.3,0.00866770190989973,,1.7274729906430164,0.8274840087921459,1783829388,72,1,0.0,0.0
20260712,02,6,C,trio,4-6-8,174.3,0.005828832478467643,,1.0159655009969102,0.8274840087921459,1783829388,72,1,0.0,0.0
20260712,02,6,C,trio,1-4-8,398.6,0.005778755008498679,,2.3034117463875736,0.8274840087921459,1783829388,72,1,0.0,0.0
20260712,02,6,C,trio,2-4-7,348.7,0.00443647650290427,,1.546999356562719,0.8274840087921459,1783829388,72,1,0.0,0.0
20260712,02,6,C,trio,1-4-7,1860.0,0.0006450362855364058,,1.1997674910977147,0.8274840087921459,1783829388,72,1,0.0,0.0
20260712,02,7,A,ref,5,1.7,0.4368209669251952,0.40209456377575603,,0.5631790330748048,1783831170,90,1,1.0,170.0
20260712,02,7,B,win,5,1.7,0.4858744889717333,0.40209456377575603,0.8259866312519466,0.5631790330748048,1783831170,90,1,1.0,170.0
20260712,02,8,A,ref,8,1.5,0.4686132256947726,0.4638052999804027,,0.5313867743052274,1783833030,90,1,0.0,0.0
20260712,02,8,B,win,8,1.5,0.4170250388928523,0.4638052999804027,0.6255375583392785,0.5313867743052274,1783833030,90,1,0.0,0.0
20260712,02,9,A,ref,4,3.1,0.26763039396957594,0.22411346099660281,,0.7323696060304241,1783834951,89,1,0.0,0.0
20260712,02,9,B,win,4,3.1,0.35741769900053344,0.22411346099660281,1.1079948669016537,0.7323696060304241,1783834951,89,1,0.0,0.0
20260712,03,1,A,ref,4,1.2,0.19912063415389564,0.5625163460055391,,0.8008793658461044,1783835792,88,1,1.0,120.0
20260712,03,1,B,win,6,14.7,0.3508058749499456,0.045919701714737894,5.1568463617642,0.8008793658461044,1783835792,88,1,0.0,0.0
20260712,02,10,A,ref,8,1.7,0.23533468901195703,0.40143787241275897,,0.764665310988043,1783836873,87,1,0.0,0.0
20260712,02,10,B,win,8,1.7,0.35741769900053344,0.40143787241275897,0.6076100883009068,0.764665310988043,1783836873,87,1,0.0,0.0
20260712,03,2,A,ref,6,2.5,0.27193030896095277,0.2760094687037038,,0.7280696910390472,1783837293,87,1,1.0,250.0
20260712,03,2,B,win,8,4.0,0.2788244768985334,0.17250591793981485,1.1152979075941336,0.7280696910390472,1783837293,87,1,0.0,0.0
20260712,03,3,A,ref,7,1.4,0.39553015351817666,0.48819219756853083,,0.6044698464818233,1783838794,86,1,1.0,140.0
20260712,03,3,B,win,7,1.4,0.3964282550779148,0.48819219756853083,0.5549995571090807,0.6044698464818233,1783838794,86,1,1.0,140.0
20260712,02,11,A,ref,8,1.2,0.5244478681250776,0.5616645964495023,,0.4755521318749224,1783839155,85,1,0.0,0.0
20260712,02,11,B,win,8,1.2,0.2854083681322013,0.5616645964495023,0.3424900417586415,0.4755521318749224,1783839155,85,1,0.0,0.0
20260712,03,4,A,ref,8,1.4,0.3182452723636188,0.48758844546155106,,0.6817547276363811,1783840476,84,1,0.0,0.0
20260712,03,4,B,win,8,1.4,0.4377768805563516,0.48758844546155106,0.6128876327788922,0.6817547276363811,1783840476,84,1,0.0,0.0
20260730,04,1,A,ref,3,1.8,0.11574878131465134,0.3824266744993372,,0.8842512186853486,1785375333,87,1,0.0,0.0
20260730,04,1,B,win,8,8.3,0.29268266073788934,0.08293590531310926,2.4292660841244818,0.8842512186853486,1785375333,87,1,0.0,0.0
20260730,04,1,C,trio,2-7-8,19.6,0.10305342338849957,,2.0198470984145915,0.8842512186853486,1785375333,87,1,0.0,0.0
20260730,04,1,C,trio,2-5-8,129.8,0.0772668941587351,,10.029242861803816,0.8842512186853486,1785375333,87,1,0.0,0.0
20260730,04,1,C,trio,2-6-8,27.6,0.07495290013359934,,2.068700043687342,0.8842512186853486,1785375333,87,1,0.0,0.0
20260730,04,1,C,trio,5-7-8,86.5,0.04609829125294572,,3.9875021933798047,0.8842512186853486,1785375333,87,1,0.0,0.0
20260730,04,1,C,trio,6-7-8,25.0,0.04471290773568279,,1.1178226933920696,0.8842512186853486,1785375333,87,1,0.0,0.0
20260730,04,1,C,trio,5-6-8,168.7,0.03346792051158794,,5.646038190304885,0.8842512186853486,1785375333,87,1,0.0,0.0
20260730,04,1,C,trio,2-4-8,153.4,0.030895511211332424,,4.7393714198183945,0.8842512186853486,1785375333,87,1,0.0,0.0
20260730,04,1,C,trio,1-2-8,140.6,0.02068472270517436,,2.9082720123475148,0.8842512186853486,1785375333,87,1,0.0,0.0
20260730,04,1,C,trio,4-7-8,306.8,0.018391343705181397,,5.642464248749652,0.8842512186853486,1785375333,87,1,0.0,0.0
20260730,04,1,C,trio,2-5-7,86.5,0.014825520672558332,,1.2824075381762958,0.8842512186853486,1785375333,87,1,0.0,0.0
20260730,04,1,C,trio,4-5-8,482.2,0.013754273355949174,,6.632310612238691,0.8842512186853486,1785375333,87,1,0.0,0.0
20260730,04,1,C,trio,4-6-8,177.6,0.0133392408131619,,2.369049168417553,0.8842512186853486,1785375333,87,1,0.0,0.0
20260730,04,1,C,trio,1-7-8,306.8,0.01230677657019654,,3.7757190517362984,0.8842512186853486,1785375333,87,1,0.0,0.0
20260730,04,1,C,trio,1-5-8,337.5,0.009201935096031367,,3.1056530949105863,0.8842512186853486,1785375333,87,1,0.0,0.0
20260730,04,1,C,trio,1-6-8,337.5,0.008924100579412043,,3.0118839455515647,0.8842512186853486,1785375333,87,1,0.0,0.0
20260730,04,1,C,trio,2-4-5,306.8,0.004451958891254206,,1.3658609878367904,0.8842512186853486,1785375333,87,1,0.0,0.0
20260730,04,1,C,trio,4-5-7,675.0,0.0026837396028058665,,1.81152423189396,0.8842512186853486,1785375333,87,1,0.0,0.0
20260730,04,1,C,trio,1-5-7,675.0,0.0017966934421948496,,1.2127680734815234,0.8842512186853486,1785375333,87,1,0.0,0.0
20260730,04,2,A,ref,1,2.5,0.12863074780202993,0.2775995661667984,,0.8713692521979701,1785377014,86,1,0.0,0.0
20260730,04,2,B,win,8,4.6,0.3350555420938215,0.1508693294384774,1.5412554936315788,0.8713692521979701,1785377014,86,1,0.0,0.0
20260730,04,2,C,trio,3-4-8,24.4,0.08709980303772387,,2.1252351941204624,0.8713692521979701,1785377014,86,1,0.0,0.0
20260730,04,2,C,trio,2-3-8,52.7,0.07540294174259497,,3.973735029834755,0.8713692521979701,1785377014,86,1,0.0,0.0
20260730,04,2,C,trio,3-7-8,57.0,0.06555166963121416,,3.736445168979207,0.8713692521979701,1785377014,86,1,0.0,0.0
20260730,04,2,C,trio,2-7-8,40.6,0.030969297049815606,,1.2573534602225136,0.8713692521979701,1785377014,86,1,0.0,0.0
20260730,04,2,C,trio,2-3-4,68.9,0.02999838185674459,,2.0668885099297025,0.8713692521979701,1785377014,86,1,0.0,0.0
20260730,04,2,C,trio,3-4-7,69.9,0.026076062297725494,,1.8227167546110121,0.8713692521979701,1785377014,86,1,0.0,0.0
20260730,04,2,C,trio,2-3-7,130.6,0.02257094511152151,,2.947765431564709,0.8713692521979701,1785377014,86,1,0.0,0.0
20260730,04,2,C,trio,3-6-8,99.2,0.01507620483003401,,1.4955595191393738,0.8713692521979701,1785377014,86,1,0.0,0.0
20260730,04,2,C,trio,2-3-5,121.0,0.008328241082878256,,1.007717171028269,0.8713692521979701,1785377014,86,1,0.0,0.0
20260730,04,3,A,ref,5,2.1,0.13823634198379336,0.3258211384407652,,0.8617636580162067,1785378696,84,1,0.0,0.0
20260730,04,3,B,win,8,20.3,0.3015517496258062,0.03370563501111364,6.121500517403867,0.8617636580162067,1785378696,84,1,0.0,0.0
20260730,04,3,C,trio,2-7-8,35.8,0.10839435028739025,,3.8805177402885707,0.8617636580162067,1785378696,84,1,0.0,0.0
20260730,04,3,C,trio,2-4-8,28.2,0.05929630664321637,,1.6721558473387015,0.8617636580162067,1785378696,84,1,0.0,0.0
20260730,04,3,C,trio,4-7-8,82.1,0.05784355196777882,,4.748955616554641,0.8617636580162067,1785378696,84,1,0.0,0.0
20260730,04,3,C,trio,6-7-8,39.3,0.04184333189404382,,1.644442943435922,0.8617636580162067,1785378696,84,1,0.0,0.0
20260730,04,3,C,trio,2-4-7,52.3,0.028225896824677722,,1.4762144039306448,0.8617636580162067,1785378696,84,1,0.0,0.0
20260730,04,3,C,trio,1-7-8,158.8,0.027452971391437764,,4.359531856960317,0.8617636580162067,1785378696,84,1,0.0,0.0
20260730,04,3,C,trio,4-6-8,45.3,0.02283035009327051,,1.0342148592251539,0.8617636580162067,1785378696,84,1,0.0,0.0
20260730,04,3,C,trio,4-6-7,144.4,0.010919507860619742,,1.5767769350734908,0.8617636580162067,1785378696,84,1,0.0,0.0
20260730,04,3,C,trio,1-4-7,250.8,0.007163728781083439,,1.7966631782957265,0.8617636580162067,1785378696,84,1,0.0,0.0
20260730,04,4,A,ref,3,2.1,0.125062277152255,0.32625093492522556,,0.874937722847745,1785380437,83,1,0.0,0.0
20260730,04,4,B,win,5,8.4,0.22852575338457204,0.08156273373130639,1.9196163284304053,0.874937722847745,1785380437,83,1,0.0,0.0
20260730,04,4,C,trio,5-6-7,59.3,0.10691407225247215,,6.340004484571598,0.874937722847745,1785380437,83,1,0.0,0.0
20260730,04,4,C,trio,2-5-6,40.1,0.07049916314223645,,2.8270164420036816,0.874937722847745,1785380437,83,1,0.0,0.0
20260730,04,4,C,trio,5-6-8,204.0,0.042794669324200695,,8.730112542136942,0.874937722847745,1785380437,83,1,0.0,0.0
20260730,04,4,C,trio,4-5-6,154.5,0.03911118412323606,,6.042677947039971,0.874937722847745,1785380437,83,1,0.0,0.0
20260730,04,4,C,trio,2-5-7,79.6,0.03906547673503407,,3.1096119481087117,0.874937722847745,1785380437,83,1,0.0,0.0
20260730,04,4,C,trio,1-5-6,72.8,0.0376309605481106,,2.7395339279024515,0.874937722847745,1785380437,83,1,1.0,7280.0
20260730,04,4,C,trio,5-7-8,134.2,0.023683858911910823,,3.178373865978432,0.874937722847745,1785380437,83,1,0.0,0.0
20260730,04,4,C,trio,4-5-7,364.3,0.02164151846618447,,7.884005177231003,0.874937722847745,1785380437,83,1,0.0,0.0
20260730,04,4,C,trio,1-5-7,113.3,0.020820986173332126,,2.3590177334385296,0.874937722847745,1785380437,83,1,0.0,0.0
20260730,04,4,C,trio,2-6-7,70.8,0.020564445822777822,,1.4559627642526698,0.874937722847745,1785380437,83,1,0.0,0.0
20260730,04,4,C,trio,2-5-8,283.3,0.015572370636763566,,4.411652601395119,0.874937722847745,1785380437,83,1,0.0,0.0
20260730,04,4,C,trio,6-7-8,118.6,0.012478069757403275,,1.4798990732280284,0.874937722847745,1785380437,83,1,0.0,0.0
20260730,04,4,C,trio,4-6-7,221.7,0.011403092156377984,,2.528065531068999,0.874937722847745,1785380437,83,1,0.0,0.0
20260730,04,4,C,trio,4-5-8,463.6,0.008615711491458913,,3.9942438474403525,0.874937722847745,1785380437,83,1,0.0,0.0
20260730,04,4,C,trio,1-5-8,159.3,0.00828852777236954,,1.3203624741384679,0.874937722847745,1785380437,83,1,0.0,0.0
20260730,04,4,C,trio,2-6-8,204.0,0.008224729253982469,,1.6778447678124235,0.874937722847745,1785380437,83,1,0.0,0.0
20260730,04,4,C,trio,1-4-5,137.8,0.00757249898292639,,1.0434903598472567,0.874937722847745,1785380437,83,1,0.0,0.0
20260730,04,4,C,trio,2-7-8,255.0,0.004601623610228929,,1.173414020608377,0.874937722847745,1785380437,83,1,0.0,0.0
20260730,04,4,C,trio,4-6-8,392.3,0.004558372816016664,,1.7882496557233372,0.874937722847745,1785380437,83,1,0.0,0.0
20260730,04,4,C,trio,4-7-8,510.0,0.0025516961294295734,,1.3013650260090823,0.874937722847745,1785380437,83,1,0.0,0.0
20260730,04,5,A,ref,2,3.0,0.054058687636465354,0.23139663975178962,,0.9459413123635346,1785382298,82,1,0.0,0.0
20260730,04,5,B,win,7,7.0,0.29268266073788934,0.09916998846505269,2.0487786251652254,0.9459413123635346,1785382298,82,1,1.0,700.0
20260730,04,5,C,trio,3-6-7,23.8,0.09049468310732162,,2.1537734579542547,0.9459413123635346,1785382298,82,1,0.0,0.0
20260730,04,5,C,trio,6-7-8,51.3,0.0724625872870511,,3.717330727825721,0.9459413123635346,1785382298,82,1,0.0,0.0
20260730,04,5,C,trio,3-7-8,93.9,0.06512840182019371,,6.115556930916189,0.9459413123635346,1785382298,82,1,0.0,0.0
20260730,04,5,C,trio,1-6-7,34.9,0.05469287047644497,,1.9087811796279295,0.9459413123635346,1785382298,82,1,0.0,0.0
20260730,04,5,C,trio,1-3-7,27.0,0.049148129107537276,,1.3269994859035064,0.9459413123635346,1785382298,82,1,0.0,0.0
20260730,04,5,C,trio,4-7-8,43.3,0.041029931638019074,,1.7765960399262257,0.9459413123635346,1785382298,82,1,0.0,0.0
20260730,04,5,C,trio,1-7-8,122.6,0.039321483993510355,,4.8208139376043695,0.9459413123635346,1785382298,82,1,0.0,0.0
20260730,04,5,C,trio,3-6-8,118.5,0.02228964647997028,,2.641323107876478,0.9459413123635346,1785382298,82,1,0.0,0.0
20260730,04,5,C,trio,5-6-7,60.2,0.020792216295894485,,1.251691421012848,0.9459413123635346,1785382298,82,1,0.0,0.0
20260730,04,5,C,trio,3-5-7,54.8,0.018677106873188794,,1.023505456650746,0.9459413123635346,1785382298,82,1,0.0,0.0
20260730,04,5,C,trio,5-7-8,153.9,0.014932172770262236,,2.298061389343358,0.9459413123635346,1785382298,82,1,0.0,0.0
20260730,04,5,C,trio,1-6-8,144.6,0.013501761864689078,,1.9523547656340405,0.9459413123635346,1785382298,82,1,0.0,0.0
20260730,04,5,C,trio,1-3-8,107.9,0.012150348444941585,,1.3110225972091971,0.9459413123635346,1785382298,82,1,0.0,0.0
20260730,04,6,A,ref,2,1.6,0.024832202514276328,0.42820046263327066,,0.9751677974857237,1785384219,81,1,1.0,160.0
20260730,04,6,B,win,7,4.2,0.35741769900053344,0.1631239857650555,1.5011543358022406,0.9751677974857237,1785384219,81,1,0.0,0.0
20260730,04,6,C,trio,5-7-8,59.7,0.21300475817979433,,12.716384063333722,0.9751677974857237,1785384219,81,1,0.0,0.0
20260730,04,6,C,trio,6-7-8,34.0,0.10453751856763312,,3.554275631299526,0.9751677974857237,1785384219,81,1,0.0,0.0
20260730,04,6,C,trio,5-6-7,58.2,0.10056820781091835,,5.853069694595448,0.9751677974857237,1785384219,81,1,0.0,0.0
20260730,04,6,C,trio,5-6-8,171.8,0.057759766601217295,,9.923127902089131,0.9751677974857237,1785384219,81,1,0.0,0.0
20260730,04,6,C,trio,1-7-8,185.8,0.053487169577861676,,9.9379161075667,0.9751677974857237,1785384219,81,1,0.0,0.0
20260730,04,6,C,trio,1-5-7,146.2,0.051448059061236,,7.521706234752703,0.9751677974857237,1785384219,81,1,0.0,0.0
20260730,04,6,C,trio,4-7-8,56.8,0.03198772389462666,,1.8169027172147942,0.9751677974857237,1785384219,81,1,0.0,0.0
20260730,04,6,C,trio,4-5-7,39.7,0.03076590557095071,,1.2214064511667433,0.9751677974857237,1785384219,81,1,0.0,0.0
20260730,04,6,C,trio,1-5-8,264.4,0.029550372124491027,,7.813118389715427,0.9751677974857237,1785384219,81,1,0.0,0.0
20260730,04,6,C,trio,1-6-7,85.9,0.025083839991383874,,2.154701855259875,0.9751677974857237,1785384219,81,1,0.0,0.0
20260730,04,6,C,trio,3-7-8,180.9,0.024396129704378915,,4.413259863522146,0.9751677974857237,1785384219,81,1,0.0,0.0
20260730,04,6,C,trio,3-5-7,122.7,0.023463624531230555,,2.8789867299819893,0.9751677974857237,1785384219,81,1,0.0,0.0
20260730,04,6,C,trio,4-5-8,140.3,0.017667799798394626,,2.4787923117147663,0.9751677974857237,1785384219,81,1,0.0,0.0
20260730,04,6,C,trio,1-6-8,264.4,0.014519252114349339,,3.838890259033965,0.9751677974857237,1785384219,81,1,0.0,0.0
20260730,04,6,C,trio,1-5-6,202.1,0.013980617445568538,,2.8254827857494016,0.9751677974857237,1785384219,81,1,0.0,0.0
20260730,04,6,C,trio,3-5-8,343.7,0.013473052341279932,,4.630688089697912,0.9751677974857237,1785384219,81,1,0.0,0.0
20260730,04,6,C,trio,3-6-7,134.7,0.011422254988509049,,1.5385777469521686,0.9751677974857237,1785384219,81,1,0.0,0.0
20260730,04,6,C,trio,3-6-8,312.4,0.00661588354868221,,2.066802020608322,0.9751677974857237,1785384219,81,1,0.0,0.0
20260730,04,6,C,trio,3-5-6,202.1,0.006370574936674431,,1.2874931947019026,0.9751677974857237,1785384219,81,1,0.0,0.0
20260730,04,6,C,trio,1-3-7,245.5,0.005816273386806491,,1.4278951164609934,0.9751677974857237,1785384219,81,1,0.0,0.0
20260730,04,6,C,trio,1-4-8,264.4,0.004432143992377463,,1.171858871584601,0.9751677974857237,1785384219,81,1,0.0,0.0
20260730,04,6,C,trio,1-3-8,429.6,0.0033788975452826056,,1.4515743854534073,0.9751677974857237,1785384219,81,1,0.0,0.0
20260730,04,7,A,ref,1,1.3,0.14295211463272384,0.5237554914587177,,0.8570478853672762,1785386260,80,1,0.0,0.0
20260730,04,7,B,win,7,15.4,0.29268266073788934,0.044213125902359283,4.507312975363496,0.8570478853672762,1785386260,80,1,0.0,0.0
20260730,04,7,C,trio,5-7-8,136.4,0.10182214809750251,,13.888541000499343,0.8570478853672762,1785386260,80,1,0.0,0.0
20260730,04,7,C,trio,2-7-8,82.6,0.05938858854680151,,4.905497413965804,0.8570478853672762,1785386260,80,1,0.0,0.0
20260730,04,7,C,trio,3-7-8,74.7,0.04704659194520435,,3.5143804183067653,0.8570478853672762,1785386260,80,1,0.0,0.0
20260730,04,7,C,trio,6-7-8,165.3,0.03733703210667545,,6.171811407233453,0.8570478853672762,1785386260,80,1,0.0,0.0
20260730,04,7,C,trio,2-5-7,272.8,0.034957274407014884,,9.53634445823366,0.8570478853672762,1785386260,80,1,0.0,0.0
20260730,04,7,C,trio,4-7-8,92.4,0.02930617627332656,,2.7078906876553743,0.8570478853672762,1785386260,80,1,0.0,0.0
20260730,04,7,C,trio,3-5-7,126.8,0.027677464436743154,,3.509502490579032,0.8570478853672762,1785386260,80,1,0.0,0.0
20260730,04,7,C,trio,5-6-7,545.6,0.021955657679380527,,11.979006829870016,0.8570478853672762,1785386260,80,1,0.0,0.0
20260730,04,7,C,trio,4-5-7,209.8,0.017226769193741262,,3.614176176846917,0.8570478853672762,1785386260,80,1,0.0,0.0
20260730,04,7,C,trio,2-5-8,237.2,0.015999405336333507,,3.7950589457783077,0.8570478853672762,1785386260,80,1,0.0,0.0
20260730,04,7,C,trio,2-6-7,272.8,0.012759705226109043,,3.480847585682547,0.8570478853672762,1785386260,80,1,0.0,0.0
20260730,04,7,C,trio,3-5-8,160.4,0.012673622663879733,,2.0328490752863093,0.8570478853672762,1785386260,80,1,0.0,0.0
20260730,04,7,C,trio,3-6-7,202.0,0.01009666275870539,,2.0395258772584888,0.8570478853672762,1785386260,80,1,0.0,0.0
20260730,04,7,C,trio,5-6-8,341.0,0.010056860860785905,,3.4293895535279937,0.8570478853672762,1785386260,80,1,0.0,0.0
20260730,04,7,C,trio,4-5-8,202.0,0.007892634452341543,,1.5943121593729919,0.8570478853672762,1785386260,80,1,0.0,0.0
20260730,04,7,C,trio,4-6-7,389.7,0.006278879234941507,,2.446879237856705,0.8570478853672762,1785386260,80,1,0.0,0.0
20260730,04,7,C,trio,2-6-8,259.8,0.005865489622930993,,1.523854204037472,0.8570478853672762,1785386260,80,1,0.0,0.0
20260730,04,7,C,trio,3-6-8,272.8,0.004645383861262117,,1.2672607173523054,0.8570478853672762,1785386260,80,1,0.0,0.0
20260730,04,7,C,trio,2-5-6,389.7,0.0034845072360856232,,1.3579124699025673,0.8570478853672762,1785386260,80,1,0.0,0.0
20260730,04,8,A,ref,8,2.2,0.13990994537928544,0.3121956966930305,,0.8600900546207145,1785388361,79,1,0.0,0.0
20260730,04,8,B,win,6,3.0,0.29850049511074256,0.22894351090822235,0.8955014853322276,0.8600900546207145,1785388361,79,1,1.0,300.0
20260730,04,8,C,trio,1-3-6,16.6,0.08116964864517343,,1.347416167509879,0.8600900546207145,1785388361,79,1,0.0,0.0
20260730,04,8,C,trio,3-6-7,38.5,0.06287364122286898,,2.420635187080456,0.8600900546207145,1785388361,79,1,0.0,0.0
20260730,04,8,C,trio,1-6-7,32.0,0.04526383733814197,,1.448442794820543,0.8600900546207145,1785388361,79,1,0.0,0.0
20260730,04,8,C,trio,3-5-6,48.2,0.045227019384796015,,2.179942334347168,0.8600900546207145,1785388361,79,1,0.0,0.0
20260730,04,8,C,trio,1-5-6,47.4,0.032543027019156644,,1.5425394807080248,0.8600900546207145,1785388361,79,1,0.0,0.0
20260730,04,8,C,trio,5-6-7,68.2,0.025179067542974415,,1.7172124064308552,0.8600900546207145,1785388361,79,1,0.0,0.0
20260730,04,8,C,trio,1-3-7,83.6,0.018187818255609795,,1.5205016061689787,0.8600900546207145,1785388361,79,1,0.0,0.0
20260730,04,8,C,trio,3-4-6,282.6,0.01579943600664751,,4.4649206154785865,0.8600900546207145,1785388361,79,1,0.0,0.0
20260730,04,8,C,trio,1-3-5,91.3,0.013088859794759208,,1.1950128992615157,0.8600900546207145,1785388361,79,1,0.0,0.0
20260730,04,8,C,trio,1-4-6,160.4,0.011357876881146839,,1.821803451735953,0.8600900546207145,1785388361,79,1,0.0,0.0
20260730,04,8,C,trio,3-5-7,174.5,0.010145293977862808,,1.77035379913706,0.8600900546207145,1785388361,79,1,0.0,0.0
20260730,04,8,C,trio,4-6-7,174.5,0.008782651492522471,,1.5325726854451713,0.8600900546207145,1785388361,79,1,0.0,0.0
20260730,04,8,C,trio,1-5-7,148.4,0.007331231046940218,,1.0879546873659285,0.8600900546207145,1785388361,79,1,0.0,0.0
20260730,04,8,C,trio,4-5-6,371.0,0.006306535180229842,,2.339724551865271,0.8600900546207145,1785388361,79,1,0.0,0.0
20260730,04,8,C,trio,3-4-5,539.6,0.0025498128880528685,,1.3758790343933278,0.8600900546207145,1785388361,79,1,0.0,0.0
20260730,04,8,C,trio,1-4-5,848.0,0.0018431427692666695,,1.5629850683381359,0.8600900546207145,1785388361,79,1,0.0,0.0
20260730,04,9,A,ref,5,2.5,0.299532092915619,0.2772622696588647,,0.700467907084381,1785390522,78,1,0.0,0.0
20260730,04,9,B,win,5,2.5,0.36272067859698115,0.2772622696588647,0.9068016964924529,0.700467907084381,1785390522,78,1,0.0,0.0
20260730,04,10,A,ref,1,2.8,0.14746760333849707,0.24722644657763804,,0.8525323966615029,1785392743,77,1,0.0,0.0
20260730,04,10,B,win,7,5.6,0.33497220941186245,0.12361322328881902,1.8758443727064296,0.8525323966615029,1785392743,77,1,0.0,0.0
20260730,04,10,C,trio,5-7-8,25.9,0.08424523624335989,,2.181951618703021,0.8525323966615029,1785392743,77,1,0.0,0.0
20260730,04,10,C,trio,4-5-7,39.2,0.06696234031894721,,2.624923740502731,0.8525323966615029,1785392743,77,1,0.0,0.0
20260730,04,10,C,trio,6-7-8,130.8,0.023107729668674217,,3.022491040662588,0.8525323966615029,1785392743,77,1,0.0,0.0
20260730,04,10,C,trio,3-5-7,69.1,0.021432898642831922,,1.4810132962196856,0.8525323966615029,1785392743,77,1,0.0,0.0
20260730,04,10,C,trio,4-6-7,278.6,0.018343732018673693,,5.110563740402491,0.8525323966615029,1785392743,77,1,0.0,0.0
20260730,04,10,C,trio,5-6-7,411.3,0.016358157984342092,,6.728110378959903,0.8525323966615029,1785392743,77,1,0.0,0.0
20260730,04,10,C,trio,2-5-7,134.9,0.01056987569360619,,1.425876231067475,0.8525323966615029,1785392743,77,1,0.0,0.0
20260730,04,10,C,trio,5-6-8,227.3,0.006804485947420515,,1.5466596558486831,0.8525323966615029,1785392743,77,1,0.0,0.0
20260730,04,10,C,trio,3-6-7,454.6,0.005848584459409149,,2.6587664952473995,0.8525323966615029,1785392743,77,1,0.0,0.0
20260730,04,10,C,trio,4-5-6,479.9,0.005421672995481299,,2.601860870531475,0.8525323966615029,1785392743,77,1,0.0,0.0
20260730,04,10,C,trio,2-6-7,1234.0,0.0028812901269943177,,3.555512016710988,0.8525323966615029,1785392743,77,1,0.0,0.0
20260730,04,10,C,trio,3-4-6,959.8,0.001949949402629089,,1.8715614366433995,0.8525323966615029,1785392743,77,1,0.0,0.0
20260730,04,10,C,trio,3-5-6,1439.0,0.001741679235411866,,2.5062764197576755,0.8525323966615029,1785392743,77,1,0.0,0.0
20260730,04,10,C,trio,2-5-6,1439.0,0.0008591327866456165,,1.2362920799830421,0.8525323966615029,1785392743,77,1,0.0,0.0
20260730,04,11,A,ref,8,1.8,0.2888453069329559,0.37990362191288835,,0.711154693067044,1785395084,76,1,0.0,0.0
20260730,04,11,B,win,7,2.2,0.2854083681322013,0.31083023611054494,0.6278984098908429,0.711154693067044,1785395084,76,1,0.0,0.0
20260730,04,12,A,ref,8,1.1,0.44398464854641195,0.6165945415403444,,0.556015351453588,1785397605,75,1,1.0,110.00000000000001
20260730,04,12,B,win,8,1.1,0.5646708633869011,0.6165945415403444,0.6211379497255912,0.556015351453588,1785397605,75,1,1.0,110.00000000000001
20260730,06,1,A,ref,2,1.9,0.11258576886404963,0.35904392664596685,,0.8874142311359504,1785408587,73,1,0.0,0.0
20260730,06,1,B,win,4,2.8,0.39424369504248996,0.24363695022404894,1.1038823461189717,0.8874142311359504,1785408587,73,1,1.0,280.0
20260730,06,1,C,trio,3-4-5,9.7,0.21763789813312756,,2.111087611891337,0.8874142311359504,1785408587,73,1,0.0,0.0
20260730,06,1,C,trio,1-4-5,14.9,0.09465306985903806,,1.410330740899667,0.8874142311359504,1785408587,73,1,0.0,0.0
20260730,06,2,A,ref,6,2.1,0.23730491098303247,0.3254767151320544,,0.7626950890169675,1785410208,72,1,0.0,0.0
20260730,06,2,B,win,4,2.6,0.5008823964749685,0.26288503914512085,1.3022942308349181,0.7626950890169675,1785410208,72,1,1.0,260.0
20260730,06,3,A,ref,6,1.8,0.531976011886873,0.38126406265905505,,0.46802398811312695,1785411870,90,1,1.0,180.0
20260730,06,3,B,win,6,1.8,0.5438792874451472,0.38126406265905505,0.9789827174012651,0.46802398811312695,1785411870,90,1,1.0,180.0
20260730,06,4,A,ref,2,1.7,0.11232990516601207,0.40664946734600455,,0.887670094833988,1785413551,89,1,0.0,0.0
20260730,06,4,B,win,6,1.9,0.4427791805478869,0.3638442602569514,0.841280443040985,0.887670094833988,1785413551,89,1,0.0,0.0
20260730,06,4,C,trio,3-5-6,12.4,0.103964232509776,,1.2891564831212226,0.887670094833988,1785413551,89,1,0.0,0.0
20260730,06,4,C,trio,1-5-6,86.9,0.08925663922932933,,7.756401949028719,0.887670094833988,1785413551,89,1,0.0,0.0
20260730,06,4,C,trio,3-4-6,29.4,0.05415895095807545,,1.592273158167418,0.887670094833988,1785413551,89,1,0.0,0.0
20260730,06,4,C,trio,1-4-6,206.4,0.04645387528104397,,9.588079858007475,0.887670094833988,1785413551,89,1,0.0,0.0
20260730,06,4,C,trio,1-3-6,275.2,0.04490807249780992,,12.358701551397289,0.887670094833988,1785413551,89,1,0.0,0.0
20260730,06,5,A,ref,6,1.0,0.5937589749439817,0.6933522967792344,,0.40624102505601833,1785415232,88,1,1.0,100.0
20260730,06,5,B,win,6,1.0,0.5008823964749685,0.6933522967792344,0.5008823964749685,0.40624102505601833,1785415232,88,1,1.0,100.0
20260730,06,6,A,ref,5,1.5,0.510475095607699,0.4516658282986177,,0.489524904392301,1785416912,88,1,0.0,0.0
20260730,06,6,B,win,5,1.5,0.5008823964749685,0.4516658282986177,0.7513235947124527,0.489524904392301,1785416912,88,1,0.0,0.0
20260730,06,7,A,ref,4,2.0,0.21565538630809433,0.3404733895350981,,0.7843446136919057,1785418593,87,1,0.0,0.0
20260730,06,7,B,win,6,6.2,0.49800887501709024,0.10983012565648326,3.0876550251059593,0.7843446136919057,1785418593,87,1,1.0,620.0
20260730,06,8,A,ref,6,2.1,0.4815641918194225,0.32444305460003753,,0.5184358081805776,1785420275,85,1,1.0,210.0
20260730,06,8,B,win,6,2.1,0.49800887501709024,0.32444305460003753,1.0458186375358896,0.5184358081805776,1785420275,85,1,1.0,210.0
20260730,06,9,A,ref,6,1.0,0.41728481822167984,0.7455770674863426,,0.5827151817783202,1785422196,84,1,1.0,100.0
20260730,06,9,B,win,6,1.0,0.4454986026243032,0.7455770674863426,0.4454986026243032,0.5827151817783202,1785422196,84,1,1.0,100.0
20260731,04,1,A,ref,2,1.5,0.22441428249823647,0.4621441478062293,,0.7755857175017635,1785461735,85,1,1.0,150.0
20260731,04,1,B,win,6,10.6,0.29268266073788934,0.06539775676503246,3.102436203821627,0.7755857175017635,1785461735,85,1,0.0,0.0
20260731,04,2,A,ref,3,1.4,0.08917779659185063,0.4830946794011217,,0.9108222034081493,1785463416,84,1,0.0,0.0
20260731,04,2,B,win,4,3.9,0.3713607953448488,0.17341860286194116,1.4483071018449103,0.9108222034081493,1785463416,84,1,0.0,0.0
20260731,04,2,C,trio,4-6-7,165.4,0.09970893056951047,,16.491857116197032,0.9108222034081493,1785463416,84,1,0.0,0.0
20260731,04,2,C,trio,4-7-8,78.5,0.0869523808367606,,6.825761895685707,0.9108222034081493,1785463416,84,1,0.0,0.0
20260731,04,2,C,trio,4-6-8,243.8,0.08525542696446778,,20.785273093937246,0.9108222034081493,1785463416,84,1,0.0,0.0
20260731,04,2,C,trio,4-5-7,41.3,0.06749752904160795,,2.787647949418408,0.9108222034081493,1785463416,84,1,0.0,0.0
20260731,04,2,C,trio,4-5-6,87.4,0.0661774596832228,,5.783909976313674,0.9108222034081493,1785463416,84,1,0.0,0.0
20260731,04,2,C,trio,4-5-8,73.5,0.057683297396607255,,4.239722358650633,0.9108222034081493,1785463416,84,1,0.0,0.0
20260731,04,2,C,trio,6-7-8,289.5,0.02161078877720695,,6.256323351001412,0.9108222034081493,1785463416,84,1,0.0,0.0
20260731,04,2,C,trio,5-6-7,210.5,0.016807525822145987,,3.53798418556173,0.9108222034081493,1785463416,84,1,0.0,0.0
20260731,04,2,C,trio,2-4-6,102.9,0.015413468718314725,,1.5860459311145854,0.9108222034081493,1785463416,84,1,0.0,0.0
20260731,04,2,C,trio,1-4-7,201.4,0.015196193989572228,,3.060513469499847,0.9108222034081493,1785463416,84,1,0.0,0.0
20260731,04,2,C,trio,1-4-6,308.8,0.014897163873410744,,4.600244204109238,0.9108222034081493,1785463416,84,1,0.0,0.0
20260731,04,2,C,trio,5-7-8,102.9,0.01467905947886887,,1.5104752203756067,0.9108222034081493,1785463416,84,1,0.0,0.0
20260731,04,2,C,trio,5-6-8,178.1,0.014396691748569043,,2.5640508004201465,0.9108222034081493,1785463416,84,1,0.0,0.0
20260731,04,2,C,trio,2-4-8,121.9,0.013424392207208407,,1.6364334100587048,0.9108222034081493,1785463416,84,1,0.0,0.0
20260731,04,2,C,trio,1-4-8,220.6,0.012974604733290427,,2.862197804163868,0.9108222034081493,1785463416,84,1,0.0,0.0
20260731,04,2,C,trio,1-6-7,1158.0,0.0037955393457468683,,4.395234562374873,0.9108222034081493,1785463416,84,1,0.0,0.0
20260731,04,2,C,trio,1-7-8,514.7,0.003314749928989318,,1.706101788450802,0.9108222034081493,1785463416,84,1,0.0,0.0
20260731,04,2,C,trio,1-6-8,1158.0,0.003250992372204426,,3.7646491670127253,0.9108222034081493,1785463416,84,1,0.0,0.0
20260731,04,3,A,ref,1,1.9,0.11557334682715013,0.3654776511399865,,0.8844266531728499,1785465098,82,1,0.0,0.0
20260731,04,3,B,win,3,6.9,0.21229243173656753,0.10063877350231512,1.464817778982316,0.8844266531728499,1785465098,82,1,0.0,0.0
20260731,04,3,C,trio,2-3-7,40.5,0.09477588017085124,,3.8384231469194754,0.8844266531728499,1785465098,82,1,0.0,0.0
20260731,04,3,C,trio,2-3-4,21.7,0.06682679373448307,,1.4501414240382826,0.8844266531728499,1785465098,82,1,0.0,0.0
20260731,04,3,C,trio,3-4-7,25.7,0.0642280526061278,,1.6506609519774842,0.8844266531728499,1785465098,82,1,0.0,0.0
20260731,04,3,C,trio,2-3-8,138.8,0.04229249352322954,,5.87019810102426,0.8844266531728499,1785465098,82,1,0.0,0.0
20260731,04,3,C,trio,3-7-8,80.3,0.040644008642117056,,3.2637138939619996,0.8844266531728499,1785465098,82,1,0.0,0.0
20260731,04,3,C,trio,2-3-5,64.5,0.03421153473721937,,2.206643990550649,0.8844266531728499,1785465098,82,1,0.0,0.0
20260731,04,3,C,trio,3-5-7,83.2,0.032876938607226666,,2.735361292121259,0.8844266531728499,1785465098,82,1,0.0,0.0
20260731,04,3,C,trio,3-4-8,49.7,0.028613218349274955,,1.4220769519589653,0.8844266531728499,1785465098,82,1,0.0,0.0
20260731,04,3,C,trio,2-7-8,69.4,0.01559584380523103,,1.0823515600830336,0.8844266531728499,1785465098,82,1,0.0,0.0
20260731,04,3,C,trio,3-5-8,152.6,0.014618114744259128,,2.230724309973943,0.8844266531728499,1785465098,82,1,0.0,0.0
20260731,04,3,C,trio,2-3-6,508.9,0.013419281982971383,,6.829072601134136,0.8844266531728499,1785465098,82,1,0.0,0.0
20260731,04,3,C,trio,3-6-7,572.6,0.012894626752499236,,7.383463278481063,0.8844266531728499,1785465098,82,1,0.0,0.0
20260731,04,3,C,trio,3-4-6,327.2,0.0090691201995846,,2.9674161293040813,0.8844266531728499,1785465098,82,1,0.0,0.0
20260731,04,3,C,trio,2-6-7,458.0,0.004950415585026532,,2.2672903379421516,0.8844266531728499,1785465098,82,1,0.0,0.0
20260731,04,3,C,trio,3-5-6,654.4,0.004627627703233312,,3.0283195689958795,0.8844266531728499,1785465098,82,1,0.0,0.0
20260731,04,3,C,trio,4-6-7,327.2,0.0033615591107391983,,1.0999021410338656,0.8844266531728499,1785465098,82,1,0.0,0.0
20260731,04,3,C,trio,2-6-8,763.4,0.0022137289657462858,,1.6899606924507145,0.8844266531728499,1785465098,82,1,0.0,0.0
20260731,04,3,C,trio,2-5-6,763.4,0.001790784308172358,,1.367084740858778,0.8844266531728499,1785465098,82,1,0.0,0.0
20260731,04,3,C,trio,5-6-7,1145.0,0.0017220643877425544,,1.9717637239652248,0.8844266531728499,1785465098,82,1,0.0,0.0
20260731,04,4,A,ref,1,1.5,0.17731718549381958,0.4631873840194618,,0.8226828145061804,1785466839,81,1,0.0,0.0
20260731,04,4,B,win,5,5.3,0.29268266073788934,0.13109076906211184,1.5512181019108136,0.8226828145061804,1785466839,81,1,1.0,530.0
20260731,04,4,C,trio,4-5-8,47.7,0.08206857885764893,,3.914671211509854,0.8226828145061804,1785466839,81,1,0.0,0.0
20260731,04,4,C,trio,5-7-8,167.2,0.039979384061083735,,6.6845530150132,0.8226828145061804,1785466839,81,1,0.0,0.0
20260731,04,4,C,trio,2-5-8,40.1,0.03917010883002843,,1.5707213640841402,0.8226828145061804,1785466839,81,1,0.0,0.0
20260731,04,4,C,trio,5-6-8,308.8,0.03763580029710458,,11.621935131745895,0.8226828145061804,1785466839,81,1,0.0,0.0
20260731,04,4,C,trio,3-5-8,236.1,0.030324676504748502,,7.159656122771121,0.8226828145061804,1785466839,81,1,0.0,0.0
20260731,04,4,C,trio,4-7-8,267.6,0.01930494763483447,,5.166003987081704,0.8226828145061804,1785466839,81,1,0.0,0.0
20260731,04,4,C,trio,2-4-8,87.2,0.018913549253094197,,1.649261494869814,0.8226828145061804,1785466839,81,1,0.0,0.0
20260731,04,4,C,trio,4-6-8,308.8,0.018171555634145135,,5.6113763798240175,0.8226828145061804,1785466839,81,1,0.0,0.0
20260731,04,4,C,trio,4-5-7,191.1,0.01634430425789514,,3.123396543683761,0.8226828145061804,1785466839,81,1,0.0,0.0
20260731,04,4,C,trio,4-5-6,174.5,0.015384976199914396,,2.684678346885062,0.8226828145061804,1785466839,81,1,0.0,0.0
20260731,04,4,C,trio,3-4-8,308.8,0.014637018437655872,,4.519911293548133,0.8226828145061804,1785466839,81,1,0.0,0.0
20260731,04,4,C,trio,3-4-5,167.2,0.012393012304930414,,2.072111657384365,0.8226828145061804,1785466839,81,1,0.0,0.0
20260731,04,4,C,trio,2-7-8,167.2,0.009190926116112656,,1.5367228466140361,0.8226828145061804,1785466839,81,1,0.0,0.0
20260731,04,4,C,trio,6-7-8,446.0,0.008829989682724837,,3.938175398495277,0.8226828145061804,1785466839,81,1,0.0,0.0
20260731,04,4,C,trio,2-6-8,802.9,0.008650764686102349,,6.945698966471576,0.8226828145061804,1785466839,81,1,0.0,0.0
20260731,04,4,C,trio,5-6-7,1003.0,0.007481007099472595,,7.503450120771013,0.8226828145061804,1785466839,81,1,0.0,0.0
20260731,04,4,C,trio,2-5-6,160.5,0.007329241971655008,,1.1763433364506288,0.8226828145061804,1785466839,81,1,0.0,0.0
20260731,04,4,C,trio,3-7-8,2007.0,0.00711102649125879,,14.271830167956391,0.8226828145061804,1785466839,81,1,0.0,0.0
20260731,04,4,C,trio,2-3-8,446.0,0.006966661875728658,,3.1071311965749815,0.8226828145061804,1785466839,81,1,0.0,0.0
20260731,04,4,C,trio,3-6-8,802.9,0.006693002410134762,,5.3738116350972005,0.8226828145061804,1785466839,81,1,0.0,0.0
20260731,04,4,C,trio,3-5-7,401.4,0.0060251946816137205,,2.4185131451997472,0.8226828145061804,1785466839,81,1,0.0,0.0
20260731,04,4,C,trio,3-5-6,669.0,0.005671191622314832,,3.794027195328623,0.8226828145061804,1785466839,81,1,0.0,0.0
20260731,04,4,C,trio,4-6-7,401.4,0.0036414865519675847,,1.4616927019597885,0.8226828145061804,1785466839,81,1,0.0,0.0
20260731,04,4,C,trio,3-4-7,446.0,0.0029333658514791574,,1.3082811697597043,0.8226828145061804,1785466839,81,1,0.0,0.0
20260731,04,4,C,trio,3-4-6,802.9,0.002761212220372361,,2.2169772917369683,0.8226828145061804,1785466839,81,1,0.0,0.0
20260731,04,5,A,ref,4,2.1,0.13959770550610312,0.3293398443672185,,0.8604022944938969,1785468700,80,1,0.0,0.0
20260731,04,5,B,win,7,10.6,0.35741769900053344,0.06524657294067537,3.7886276094056544,0.8604022944938969,1785468700,80,1,0.0,0.0
20260731,04,5,C,trio,2-7-8,131.9,0.06424663747904055,,8.474131483485449,0.8604022944938969,1785468700,80,1,0.0,0.0
20260731,04,5,C,trio,5-7-8,74.9,0.06356264644184788,,4.760842218494407,0.8604022944938969,1785468700,80,1,0.0,0.0
20260731,04,5,C,trio,1-7-8,61.6,0.04585184541802846,,2.8244736777505532,0.8604022944938969,1785468700,80,1,0.0,0.0
20260731,04,5,C,trio,3-7-8,46.4,0.04578872708358981,,2.124596936678567,0.8604022944938969,1785468700,80,1,0.0,0.0
20260731,04,5,C,trio,6-7-8,89.1,0.03519697336123831,,3.136050326486333,0.8604022944938969,1785468700,80,1,0.0,0.0
20260731,04,5,C,trio,2-5-7,134.6,0.03224952124755345,,4.340785559920695,0.8604022944938969,1785468700,80,1,0.0,0.0
20260731,04,5,C,trio,1-2-7,98.4,0.023239006595976455,,2.286718249044083,0.8604022944938969,1785468700,80,1,0.0,0.0
20260731,04,5,C,trio,2-3-7,77.6,0.023206927225817728,,1.8008575527234556,0.8604022944938969,1785468700,80,1,0.0,0.0
20260731,04,5,C,trio,1-5-7,72.4,0.02299037545419723,,1.6645031828838794,0.8604022944938969,1785468700,80,1,0.0,0.0
20260731,04,5,C,trio,2-6-7,212.7,0.017827128539630584,,3.7918302403794253,0.8604022944938969,1785468700,80,1,0.0,0.0
20260731,04,5,C,trio,5-6-7,108.1,0.017636263319186225,,1.9064800648040308,0.8604022944938969,1785468700,80,1,0.0,0.0
20260731,04,5,C,trio,1-6-7,131.9,0.012701822778184282,,1.675370424442507,0.8604022944938969,1785468700,80,1,0.0,0.0
20260731,04,5,C,trio,2-5-8,244.3,0.009440302068316898,,2.3062657952898182,0.8604022944938969,1785468700,80,1,0.0,0.0
20260731,04,5,C,trio,1-2-8,194.0,0.006814854314068797,,1.3220817369293467,0.8604022944938969,1785468700,80,1,0.0,0.0
20260731,04,5,C,trio,1-5-8,164.9,0.006742520054974721,,1.1118415570653315,0.8604022944938969,1785468700,80,1,0.0,0.0
20260731,04,5,C,trio,2-6-8,388.0,0.005232752062812526,,2.03030780037126,0.8604022944938969,1785468700,80,1,0.0,0.0
20260731,04,6,A,ref,4,1.7,0.38945881012778494,0.4094775979126229,,0.6105411898722151,1785470622,78,1,1.0,170.0
20260731,04,6,B,win,4,1.7,0.3713607953448488,0.4094775979126229,0.631313352086243,0.6105411898722151,1785470622,78,1,1.0,170.0
20260731,04,7,A,ref,4,2.5,0.13930558648292654,0.2745922304806457,,0.8606944135170734,1785472663,77,1,0.0,0.0
20260731,04,7,B,win,6,3.3,0.21229243173656753,0.20802441703079216,0.7005650247306728,0.8606944135170734,1785472663,77,1,0.0,0.0
20260731,04,7,C,trio,1-6-8,25.9,0.13229938837727045,,3.4265541589713044,0.8606944135170734,1785472663,77,1,0.0,0.0
20260731,04,7,C,trio,1-2-6,24.1,0.04704399079042427,,1.133760178049225,0.8606944135170734,1785472663,77,1,0.0,0.0
20260731,04,7,C,trio,1-6-7,179.3,0.047032192899464205,,8.432872186873933,0.8606944135170734,1785472663,77,1,0.0,0.0
20260731,04,7,C,trio,6-7-8,51.6,0.0448160536303143,,2.312508367324218,0.8606944135170734,1785472663,77,1,0.0,0.0
20260731,04,7,C,trio,1-3-6,156.3,0.039552018575678485,,6.181980503378548,0.8606944135170734,1785472663,77,1,0.0,0.0
20260731,04,7,C,trio,3-6-8,78.1,0.03768713400050805,,2.9433651654396784,0.8606944135170734,1785472663,77,1,0.0,0.0
20260731,04,7,C,trio,1-7-8,99.9,0.02378832459498388,,2.37645362703889,0.8606944135170734,1785472663,77,1,0.0,0.0
20260731,04,7,C,trio,1-3-8,96.8,0.020004791084738127,,1.9364637770026507,0.8606944135170734,1785472663,77,1,0.0,0.0
20260731,04,7,C,trio,2-6-7,99.9,0.01585748661872539,,1.5841629132106667,0.8606944135170734,1785472663,77,1,0.0,0.0
20260731,04,7,C,trio,2-3-6,108.9,0.013328411274712744,,1.4514639878162179,0.8606944135170734,1785472663,77,1,0.0,0.0
20260731,04,7,C,trio,3-6-7,677.6,0.013325056729680445,,9.02905844003147,0.8606944135170734,1785472663,77,1,0.0,0.0
20260731,04,7,C,trio,1-3-7,184.8,0.00711855992697413,,1.3155098745048193,0.8606944135170734,1785472663,77,1,0.0,0.0
20260731,04,8,A,ref,8,1.0,0.6084477855461498,0.6582227565836088,,0.39155221445385024,1785474764,76,1,1.0,100.0
20260731,04,8,B,win,8,1.0,0.43492106511281253,0.6582227565836088,0.43492106511281253,0.39155221445385024,1785474764,76,1,1.0,100.0
20260731,04,9,A,ref,5,1.6,0.3130629776815161,0.4276513797619232,,0.6869370223184839,1785476925,75,1,0.0,0.0
20260731,04,9,B,win,5,1.6,0.29850049511074256,0.4276513797619232,0.4776007921771881,0.6869370223184839,1785476925,75,1,0.0,0.0
20260731,04,10,A,ref,2,1.5,0.19982004067290174,0.45459820108151056,,0.8001799593270983,1785479147,73,1,1.0,150.0
20260731,04,10,B,win,7,7.9,0.42243077022189296,0.08631611412940073,3.3372030847529546,0.8001799593270983,1785479147,73,1,0.0,0.0
20260731,04,11,A,ref,1,2.8,0.08776822290741619,0.24825518327646506,,0.9122317770925839,1785481488,72,1,0.0,0.0
20260731,04,11,B,win,4,5.2,0.35741769900053344,0.13367586791809657,1.8585720348027739,0.9122317770925839,1785481488,72,1,0.0,0.0
20260731,04,11,C,trio,4-6-7,57.1,0.11683401105744368,,6.671222031380034,0.9122317770925839,1785481488,72,1,0.0,0.0
20260731,04,11,C,trio,4-5-7,44.2,0.090958609470654,,4.020370538602907,0.9122317770925839,1785481488,72,1,0.0,0.0
20260731,04,11,C,trio,4-7-8,17.5,0.07494492225820051,,1.311536139518509,0.9122317770925839,1785481488,72,1,0.0,0.0
20260731,04,11,C,trio,4-5-6,86.5,0.05684413478061482,,4.917017658523182,0.9122317770925839,1785481488,72,1,0.0,0.0
20260731,04,11,C,trio,4-6-8,33.6,0.04682031374419225,,1.5731625418048598,0.9122317770925839,1785481488,72,1,0.0,0.0
20260731,04,11,C,trio,5-6-7,160.3,0.04550895136708437,,7.295084904143625,0.9122317770925839,1785481488,72,1,0.0,0.0
20260731,04,11,C,trio,6-7-8,55.8,0.037490376917275615,,2.0919630319839793,0.9122317770925839,1785481488,72,1,0.0,0.0
20260731,04,11,C,trio,4-5-8,35.1,0.036419350755344054,,1.2783192115125763,0.9122317770925839,1785481488,72,1,0.0,0.0
20260731,04,11,C,trio,5-7-8,52.2,0.02917784771137001,,1.5230836505335146,0.9122317770925839,1785481488,72,1,0.0,0.0
20260731,04,11,C,trio,5-6-8,157.7,0.018315190445007165,,2.88830553317763,0.9122317770925839,1785481488,72,1,0.0,0.0
20260731,04,11,C,trio,3-4-7,94.0,0.016804264434271427,,1.579600856821514,0.9122317770925839,1785481488,72,1,0.0,0.0
20260731,04,11,C,trio,3-4-6,122.2,0.010480590118887287,,1.2807281125280265,0.9122317770925839,1785481488,72,1,0.0,0.0
20260731,04,11,C,trio,3-6-7,407.4,0.008394590593959313,,3.4199562079790238,0.9122317770925839,1785481488,72,1,0.0,0.0
20260731,04,11,C,trio,2-6-7,148.1,0.008109783214731296,,1.2010588941017049,0.9122317770925839,1785481488,72,1,0.0,0.0
20260731,04,11,C,trio,3-5-7,212.5,0.00652998475779952,,1.387621761032398,0.9122317770925839,1785481488,72,1,0.0,0.0
20260731,04,11,C,trio,3-5-6,349.2,0.004100773566744816,,1.4319901295072899,0.9122317770925839,1785481488,72,1,0.0,0.0
20260731,04,12,A,ref,8,1.0,0.5347211625708485,0.7289812001665715,,0.46527883742915155,1785484009,71,1,1.0,100.0
20260731,04,12,B,win,8,1.0,0.6201724371569889,0.7289812001665715,0.6201724371569889,0.46527883742915155,1785484009,71,1,1.0,100.0
20260731,06,1,A,ref,6,1.3,0.13918717072778733,0.535890746867587,,0.8608128292722127,1785494970,90,1,1.0,130.0
20260731,06,1,B,win,4,6.9,0.4427791805478869,0.10096492332287871,3.0551763457804197,0.8608128292722127,1785494970,90,1,0.0,0.0
20260731,06,1,C,trio,2-4-5,22.7,0.2530657727619704,,5.744593041696728,0.8608128292722127,1785494970,90,1,0.0,0.0
20260731,06,1,C,trio,1-4-5,56.3,0.06840086191350225,,3.8509685257301767,0.8608128292722127,1785494970,90,1,0.0,0.0
20260731,06,1,C,trio,3-4-5,26.9,0.04621317253349804,,1.2431343411510973,0.8608128292722127,1785494970,90,1,0.0,0.0
20260731,06,1,C,trio,1-2-4,81.6,0.03204560822034203,,2.6149216307799095,0.8608128292722127,1785494970,90,1,0.0,0.0
20260731,06,1,C,trio,1-2-5,148.0,0.009990552326293442,,1.4786017442914294,0.8608128292722127,1785494970,90,1,0.0,0.0
20260731,06,2,A,ref,4,1.8,0.4493876597676674,0.38418139809789914,,0.5506123402323326,1785496591,89,1,0.0,0.0
20260731,06,2,B,win,4,1.8,0.4427791805478869,0.38418139809789914,0.7970025249861964,0.5506123402323326,1785496591,89,1,0.0,0.0
20260731,06,3,A,ref,5,1.5,0.5549373440592362,0.4602811630494497,,0.4450626559407638,1785498272,88,1,0.0,0.0
20260731,06,3,B,win,5,1.5,0.49800887501709024,0.4602811630494497,0.7470133125256353,0.4450626559407638,1785498272,88,1,0.0,0.0
20260731,06,4,A,ref,6,1.4,0.4744096251167628,0.48671011005056375,,0.5255903748832371,1785499953,87,1,0.0,0.0
20260731,06,4,B,win,6,1.4,0.3672609677179694,0.48671011005056375,0.5141653548051571,0.5255903748832371,1785499953,87,1,0.0,0.0
20260731,06,5,A,ref,3,1.5,0.19616889076558255,0.4589671612074394,,0.8038311092344175,1785501635,85,1,1.0,150.0
20260731,06,5,B,win,6,3.6,0.49800887501709024,0.19123631716976644,1.7928319500615248,0.8038311092344175,1785501635,85,1,0.0,0.0
20260731,06,5,C,trio,2-5-6,14.7,0.11415865267623776,,1.678132194340695,0.8038311092344175,1785501635,85,1,0.0,0.0
20260731,06,5,C,trio,1-5-6,49.2,0.057782813762841986,,2.842914437131826,0.8038311092344175,1785501635,85,1,0.0,0.0
20260731,06,5,C,trio,4-5-6,37.3,0.05070623792707396,,1.8913426746798585,0.8038311092344175,1785501635,85,1,0.0,0.0
20260731,06,5,C,trio,1-2-6,45.1,0.041716126339887895,,1.8813972979289442,0.8038311092344175,1785501635,85,1,0.0,0.0
20260731,06,5,C,trio,2-4-6,40.1,0.03659792737745617,,1.4675768878359925,0.8038311092344175,1785501635,85,1,0.0,0.0
20260731,06,5,C,trio,1-4-6,130.1,0.018432265739502213,,2.398037772709238,0.8038311092344175,1785501635,85,1,0.0,0.0
20260731,06,6,A,ref,6,1.0,0.44732480895610016,0.6845498852245623,,0.5526751910438998,1785503316,84,1,1.0,100.0
20260731,06,6,B,win,6,1.0,0.4427791805478869,0.6845498852245623,0.4427791805478869,0.5526751910438998,1785503316,84,1,1.0,100.0
20260731,06,7,A,ref,6,2.4,0.09623233001410515,0.2870871776868881,,0.9037676699858949,1785504997,83,1,1.0,240.0
20260731,06,7,B,win,3,3.3,0.49800887501709024,0.20879067468137313,1.6434292875563976,0.9037676699858949,1785504997,83,1,0.0,0.0
20260731,06,7,C,trio,2-3-4,10.0,0.26556735367968726,,2.6556735367968725,0.9037676699858949,1785504997,83,1,0.0,0.0
20260731,06,7,C,trio,2-3-5,14.8,0.14125863983811096,,2.090627869604042,0.9037676699858949,1785504997,83,1,0.0,0.0
20260731,06,7,C,trio,3-4-5,22.9,0.1268028673248007,,2.903785661737936,0.9037676699858949,1785504997,83,1,0.0,0.0
20260802,04,2,A,ref,2,1.9,0.2889299556145889,0.36369167824421966,,0.7110700443854111,1785636227,73,1,1.0,190.0
20260802,04,2,B,win,2,1.9,0.22852575338457204,0.36369167824421966,0.43419893143068683,0.7110700443854111,1785636227,73,1,1.0,190.0
20260802,04,3,A,ref,1,1.5,0.07805156665858466,0.453432311859774,,0.9219484333414153,1785637909,71,1,0.0,0.0
20260802,04,3,B,win,8,6.5,0.29022314258042814,0.104638225813794,1.8864504267727829,0.9219484333414153,1785637909,71,1,0.0,0.0
20260802,04,3,C,trio,3-7-8,18.7,0.156272580215101,,2.9222972500223885,0.9219484333414153,1785637909,71,1,0.0,0.0
20260802,04,3,C,trio,6-7-8,78.3,0.09594093646478294,,7.512175325192504,0.9219484333414153,1785637909,71,1,0.0,0.0
20260802,04,3,C,trio,5-7-8,113.3,0.06780066661604396,,7.681815527597781,0.9219484333414153,1785637909,71,1,0.0,0.0
20260802,04,3,C,trio,3-6-8,44.6,0.06633146746548606,,2.9583834489606784,0.9219484333414153,1785637909,71,1,0.0,0.0
20260802,04,3,C,trio,2-7-8,38.7,0.0542274326795017,,2.098601644696716,0.9219484333414153,1785637909,71,1,0.0,0.0
20260802,04,3,C,trio,3-5-8,74.3,0.04683415957828607,,3.479778056666655,0.9219484333414153,1785637909,71,1,0.0,0.0
20260802,04,3,C,trio,3-6-7,113.3,0.029679306287331716,,3.3626654023546836,0.9219484333414153,1785637909,71,1,0.0,0.0
20260802,04,3,C,trio,5-6-8,294.5,0.028628818290349797,,8.431186986508015,0.9219484333414153,1785637909,71,1,0.0,0.0
20260802,04,3,C,trio,2-6-8,68.1,0.022877277621742836,,1.557942606040687,0.9219484333414153,1785637909,71,1,0.0,0.0
20260802,04,3,C,trio,3-5-7,136.3,0.02097543591432917,,2.858951915123066,0.9219484333414153,1785637909,71,1,0.0,0.0
20260802,04,3,C,trio,2-5-8,124.8,0.016128113697587043,,2.012788589458863,0.9219484333414153,1785637909,71,1,0.0,0.0
20260802,04,3,C,trio,5-6-7,409.1,0.012887405650727473,,5.27223765171261,0.9219484333414153,1785637909,71,1,0.0,0.0
20260802,04,3,C,trio,2-6-7,184.1,0.010305202792724902,,1.8971878341406545,0.9219484333414153,1785637909,71,1,0.0,0.0
20260802,04,3,C,trio,3-5-6,294.5,0.008986109403364351,,2.6464092192908013,0.9219484333414153,1785637909,71,1,0.0,0.0
20260802,04,3,C,trio,2-5-7,204.5,0.0072799874688997835,,1.4887574373900057,0.9219484333414153,1785637909,71,1,0.0,0.0
20260802,04,4,A,ref,3,1.5,0.05940487909465025,0.4632870686145582,,0.9405951209053498,1785639571,89,1,1.0,150.0
20260802,04,4,B,win,6,12.3,0.288080697802556,0.05649842300177539,3.5433925829714394,0.9405951209053498,1785639571,89,1,0.0,0.0
20260802,04,4,C,trio,5-6-7,101.9,0.1229319978066929,,12.526770576502006,0.9405951209053498,1785639571,89,1,0.0,0.0
20260802,04,4,C,trio,4-6-7,87.1,0.0812442703509008,,7.076375947563459,0.9405951209053498,1785639571,89,1,0.0,0.0
20260802,04,4,C,trio,4-5-6,121.1,0.07017777082179003,,8.498528046518771,0.9405951209053498,1785639571,89,1,0.0,0.0
20260802,04,4,C,trio,1-6-7,43.5,0.055482770491514066,,2.413500516380862,0.9405951209053498,1785639571,89,1,0.0,0.0
20260802,04,4,C,trio,1-5-6,78.1,0.04790978378238035,,3.741754113403905,0.9405951209053498,1785639571,89,1,0.0,0.0
20260802,04,4,C,trio,6-7-8,220.0,0.04160077738011066,,9.152171023624344,0.9405951209053498,1785639571,89,1,0.0,0.0
20260802,04,4,C,trio,5-6-8,348.4,0.03591581414388461,,12.513069647729397,0.9405951209053498,1785639571,89,1,0.0,0.0
20260802,04,4,C,trio,4-5-7,103.2,0.03238129893383297,,3.3417500499715627,0.9405951209053498,1785639571,89,1,0.0,0.0
20260802,04,4,C,trio,1-4-6,51.6,0.03158910524712225,,1.6299978307515082,0.9405951209053498,1785639571,89,1,0.0,0.0
20260802,04,4,C,trio,2-6-7,440.1,0.025589944221687238,,11.262134451964554,0.9405951209053498,1785639571,89,1,0.0,0.0
20260802,04,4,C,trio,4-6-8,261.3,0.02367039677633576,,6.185074677656535,0.9405951209053498,1785639571,89,1,0.0,0.0
20260802,04,4,C,trio,1-5-7,52.2,0.022123134833139123,,1.1548276382898623,0.9405951209053498,1785639571,89,1,0.0,0.0
20260802,04,4,C,trio,2-5-6,464.5,0.022087883394681443,,10.25982183682953,0.9405951209053498,1785639571,89,1,0.0,0.0
20260802,04,4,C,trio,5-7-8,298.6,0.016588974390640904,,4.953467753045374,0.9405951209053498,1785639571,89,1,0.0,0.0
20260802,04,4,C,trio,1-6-8,269.7,0.016133667813611786,,4.3512502093310985,0.9405951209053498,1785639571,89,1,0.0,0.0
20260802,04,4,C,trio,2-4-6,101.9,0.014549236191744268,,1.482567167938741,0.9405951209053498,1785639571,89,1,0.0,0.0
20260802,04,4,C,trio,4-7-8,167.2,0.010977000651252917,,1.8353545088894876,0.9405951209053498,1785639571,89,1,0.0,0.0
20260802,04,4,C,trio,2-5-7,464.5,0.010203726422053368,,4.739630923043789,0.9405951209053498,1785639571,89,1,0.0,0.0
20260802,04,4,C,trio,1-2-6,232.2,0.009913108650565248,,2.3018238286612505,0.9405951209053498,1785639571,89,1,0.0,0.0
20260802,04,4,C,trio,4-5-8,440.1,0.009502209011203263,,4.181922185830556,0.9405951209053498,1785639571,89,1,0.0,0.0
20260802,04,4,C,trio,2-6-8,929.1,0.007423053996997179,,6.896759468610079,0.9405951209053498,1785639571,89,1,0.0,0.0
20260802,04,4,C,trio,2-4-7,170.6,0.0067509120675471,,1.1517055987235352,0.9405951209053498,1785639571,89,1,0.0,0.0
20260802,04,4,C,trio,1-5-8,321.6,0.006490822826164781,,2.0874486208945937,0.9405951209053498,1785639571,89,1,0.0,0.0
20260802,04,4,C,trio,2-4-5,232.2,0.005844045452146739,,1.3569873539884727,0.9405951209053498,1785639571,89,1,0.0,0.0
20260802,04,4,C,trio,2-7-8,334.4,0.0034558374159422175,,1.1556320318910775,0.9405951209053498,1785639571,89,1,0.0,0.0
20260802,04,4,C,trio,2-5-8,696.8,0.002992438363459325,,2.0851310516584576,0.9405951209053498,1785639571,89,1,0.0,0.0
20260802,04,5,A,ref,4,2.4,0.141787812272846,0.2871617076921721,,0.858212187727154,1785641372,88,1,1.0,240.0
20260802,04,5,B,win,8,5.6,0.2670954231108647,0.12306930329664519,1.4957343694208423,0.858212187727154,1785641372,88,1,0.0,0.0
20260802,04,5,C,trio,3-6-8,151.3,0.07998718478124614,,12.102061057402542,0.858212187727154,1785641372,88,1,0.0,0.0
20260802,04,5,C,trio,3-5-8,29.0,0.07642339179071835,,2.216278361930832,0.858212187727154,1785641372,88,1,0.0,0.0
20260802,04,5,C,trio,1-3-8,36.4,0.06063166868048639,,2.2069927399697047,0.858212187727154,1785641372,88,1,0.0,0.0
20260802,04,5,C,trio,5-6-8,273.1,0.04447232669758318,,12.145392421109968,0.858212187727154,1785641372,88,1,0.0,0.0
20260802,04,5,C,trio,1-6-8,307.3,0.03526060847985327,,10.83558498585891,0.858212187727154,1785641372,88,1,0.0,0.0
20260802,04,5,C,trio,1-5-8,124.4,0.033683203634476494,,4.190190532128876,0.858212187727154,1785641372,88,1,0.0,0.0
20260802,04,5,C,trio,3-5-6,200.7,0.021475686901477636,,4.310170361126561,0.858212187727154,1785641372,88,1,0.0,0.0
20260802,04,5,C,trio,6-7-8,140.5,0.018678072925038994,,2.624269245967979,0.858212187727154,1785641372,88,1,0.0,0.0
20260802,04,5,C,trio,5-7-8,66.4,0.017840985577845157,,1.1846414423689184,0.858212187727154,1785641372,88,1,0.0,0.0
20260802,04,5,C,trio,1-3-6,213.8,0.017041225999697183,,3.643414118735258,0.858212187727154,1785641372,88,1,0.0,0.0
20260802,04,5,C,trio,1-5-6,468.3,0.009526005561821043,,4.461028404600794,0.858212187727154,1785641372,88,1,0.0,0.0
20260802,04,5,C,trio,3-6-7,228.7,0.009037138117815827,,2.0667934875444796,0.858212187727154,1785641372,88,1,0.0,0.0
20260802,04,5,C,trio,5-6-7,265.8,0.005052390598373881,,1.3429254210477777,0.858212187727154,1785641372,88,1,0.0,0.0
20260802,04,5,C,trio,1-6-7,307.3,0.004009695506625374,,1.2321794291859776,0.858212187727154,1785641372,88,1,0.0,0.0
20260802,04,6,A,ref,1,1.7,0.11284042244970507,0.4022688510019123,,0.887159577550295,1785643174,86,1,0.0,0.0
20260802,04,6,B,win,8,5.5,0.21229243173656753,0.12433764485513653,1.1676083745511214,0.887159577550295,1785643174,86,1,0.0,0.0
20260802,04,6,C,trio,3-4-8,51.3,0.07802494095510266,,4.002679470996767,0.887159577550295,1785643174,86,1,0.0,0.0
20260802,04,6,C,trio,4-5-8,146.2,0.06938829598428212,,10.144568872902045,0.887159577550295,1785643174,86,1,0.0,0.0
20260802,04,6,C,trio,3-5-8,169.3,0.0678368699826407,,11.48478208806107,0.887159577550295,1785643174,86,1,0.0,0.0
20260802,04,6,C,trio,2-4-8,50.0,0.05092700217841016,,2.546350108920508,0.887159577550295,1785643174,86,1,0.0,0.0
20260802,04,6,C,trio,2-3-8,79.7,0.04978598631133913,,3.967943109013729,0.887159577550295,1785643174,86,1,0.0,0.0
20260802,04,6,C,trio,4-7-8,51.9,0.04456597511720223,,2.3129741085827957,0.887159577550295,1785643174,86,1,0.0,0.0
20260802,04,6,C,trio,2-5-8,254.0,0.04425924002380362,,11.241846966046118,0.887159577550295,1785643174,86,1,0.0,0.0
20260802,04,6,C,trio,3-7-8,110.9,0.04356674221075582,,4.831551711172821,0.887159577550295,1785643174,86,1,0.0,0.0
20260802,04,6,C,trio,5-7-8,254.0,0.038727184465882185,,9.836704854334075,0.887159577550295,1785643174,86,1,0.0,0.0
20260802,04,6,C,trio,2-7-8,96.5,0.028395702497413668,,2.7401852910004187,0.887159577550295,1785643174,86,1,0.0,0.0
20260802,04,6,C,trio,3-4-5,125.3,0.016062956869819397,,2.01268849578837,0.887159577550295,1785643174,86,1,0.0,0.0
20260802,04,6,C,trio,2-4-5,163.6,0.01051715995959529,,1.7206073693897894,0.887159577550295,1785643174,86,1,0.0,0.0
20260802,04,6,C,trio,2-3-5,139.9,0.010284842651418916,,1.4388494869335064,0.887159577550295,1785643174,86,1,0.0,0.0
20260802,04,6,C,trio,4-5-7,224.5,0.009208867513894428,,2.067390756869299,0.887159577550295,1785643174,86,1,0.0,0.0
20260802,04,6,C,trio,3-5-7,292.5,0.00900545785086996,,2.634096421379463,0.887159577550295,1785643174,86,1,0.0,0.0
20260802,04,6,C,trio,2-5-7,301.7,0.005896772755639906,,1.7790563403765596,0.887159577550295,1785643174,86,1,0.0,0.0
20260802,04,7,A,ref,8,1.3,0.2776317417651737,0.5181195216553388,,0.7223682582348263,1785645095,85,1,0.0,0.0
20260802,04,7,B,win,8,1.3,0.30034813301972324,0.5181195216553388,0.39045257292564023,0.7223682582348263,1785645095,85,1,0.0,0.0
20260802,04,8,A,ref,8,2.0,0.2414565564837478,0.34451089066793295,,0.7585434435162521,1785647137,83,1,1.0,200.0
20260802,04,8,B,win,5,17.2,0.35241381599051985,0.04005940589162011,6.0615176350369415,0.7585434435162521,1785647137,83,1,0.0,0.0
20260802,04,9,A,ref,3,1.6,0.13678139385130733,0.4261446212690414,,0.8632186061486926,1785649179,81,1,1.0,160.0
20260802,04,9,B,win,7,13.1,0.35741769900053344,0.05204819801759284,4.682171856906988,0.8632186061486926,1785649179,81,1,0.0,0.0
20260802,04,9,C,trio,6-7-8,41.3,0.17536746373638926,,7.242676252312876,0.8632186061486926,1785649179,81,1,0.0,0.0
20260802,04,9,C,trio,5-7-8,39.7,0.05405715775769158,,2.1460691629803557,0.8632186061486926,1785649179,81,1,0.0,0.0
20260802,04,9,C,trio,5-6-8,31.4,0.04579186452236413,,1.4378645460022337,0.8632186061486926,1785649179,81,1,0.0,0.0
20260802,04,9,C,trio,5-6-7,28.8,0.0373593398502352,,1.0759489876867738,0.8632186061486926,1785649179,81,1,0.0,0.0
20260802,04,9,C,trio,2-7-8,166.3,0.026014028392682936,,4.326132921703173,0.8632186061486926,1785649179,81,1,0.0,0.0
20260802,04,9,C,trio,1-7-8,73.5,0.025601056405175175,,1.8816776457803754,0.8632186061486926,1785649179,81,1,0.0,0.0
20260802,04,9,C,trio,2-6-8,109.9,0.022029612866733706,,2.4210544540540346,0.8632186061486926,1785649179,81,1,0.0,0.0
20260802,04,9,C,trio,2-6-7,166.3,0.017971152132153882,,2.9886025995771908,0.8632186061486926,1785649179,81,1,0.0,0.0
20260802,04,9,C,trio,1-6-7,61.6,0.017685733225168407,,1.0894411666703738,0.8632186061486926,1785649179,81,1,0.0,0.0
20260802,04,9,C,trio,4-7-8,443.5,0.017100785136511698,,7.584198208042938,0.8632186061486926,1785649179,81,1,0.0,0.0
20260802,04,9,C,trio,4-6-8,443.5,0.014479939245409098,,6.421853055338935,0.8632186061486926,1785649179,81,1,0.0,0.0
20260802,04,9,C,trio,4-6-7,341.2,0.01181173200553225,,4.030162960287604,0.8632186061486926,1785649179,81,1,0.0,0.0
20260802,04,9,C,trio,4-5-8,369.6,0.004429590973809215,,1.637176823919886,0.8632186061486926,1785649179,81,1,0.0,0.0
20260802,04,9,C,trio,4-5-7,332.6,0.0036256973862449984,,1.2059069506650866,0.8632186061486926,1785649179,81,1,0.0,0.0
20260802,04,9,C,trio,2-4-8,511.8,0.002126141168126523,,1.0881590498471545,0.8632186061486926,1785649179,81,1,0.0,0.0
20260802,04,10,A,ref,8,2.2,0.29854474697282396,0.31473515382563505,,0.701455253027176,1785651400,80,1,0.0,0.0
20260802,04,10,B,win,8,2.2,0.35241381599051985,0.31473515382563505,0.7753103951791437,0.701455253027176,1785651400,80,1,0.0,0.0
20260803,02,5,A,ref,7,1.4,0.4353269276500649,0.49158078340220424,,0.5646730723499351,1785756393,87,1,0.0,0.0
20260803,02,5,B,win,7,1.4,0.44754248676338304,0.49158078340220424,0.6265594814687362,0.5646730723499351,1785756393,87,1,0.0,0.0
20260803,02,6,A,ref,1,1.6,0.16684084639437963,0.4345826564717285,,0.8331591536056204,1785757895,85,1,1.0,160.0
20260803,02,6,B,win,5,2.1,0.30652239206293314,0.33111059540703125,0.6436970233321596,0.8331591536056204,1785757895,85,1,0.0,0.0
20260803,02,6,C,trio,3-5-7,14.1,0.11856181781483666,,1.671721631189197,0.8331591536056204,1785757895,85,1,0.0,0.0
20260803,02,6,C,trio,2-3-5,15.0,0.11372004388531834,,1.7058006582797751,0.8331591536056204,1785757895,85,1,0.0,0.0
20260803,02,6,C,trio,2-5-7,18.4,0.0945080524209586,,1.738948164545638,0.8331591536056204,1785757895,85,1,0.0,0.0
20260803,02,6,C,trio,2-3-7,43.4,0.02900288509978513,,1.2587252133306746,0.8331591536056204,1785757895,85,1,0.0,0.0
20260803,02,7,A,ref,7,1.7,0.49216218677009793,0.40519242717439646,,0.5078378132299021,1785759396,84,1,1.0,170.0
20260803,02,7,B,win,7,1.7,0.3508058749499456,0.40519242717439646,0.5963699874149074,0.5078378132299021,1785759396,84,1,1.0,170.0
20260803,02,8,A,ref,1,2.1,0.10061387176041274,0.32787938089802326,,0.8993861282395873,1785761198,82,0,,
20260803,02,8,B,win,3,2.5,0.35892286507855636,0.2754186799543396,0.8973071626963909,0.8993861282395873,1785761198,82,0,,
20260803,02,8,C,trio,3-4-6,19.2,0.1062018475215071,,2.0390754724129363,0.8993861282395873,1785761198,82,0,,
20260803,02,8,C,trio,2-3-6,17.9,0.06933686520496954,,1.2411298871689547,0.8993861282395873,1785761198,82,0,,
20260803,02,8,C,trio,2-3-4,23.9,0.0646928844430755,,1.5461599381895044,0.8993861282395873,1785761198,82,0,,
20260803,02,8,C,trio,3-5-6,75.0,0.06109290344683166,,4.581967758512374,0.8993861282395873,1785761198,82,0,,
20260803,02,8,C,trio,3-4-5,95.7,0.05699819678454856,,5.454727432281297,0.8993861282395873,1785761198,82,0,,
20260803,02,8,C,trio,2-3-5,88.4,0.03715489036693916,,3.284492308437422,0.8993861282395873,1785761198,82,0,,
20260803,02,8,C,trio,2-4-6,52.3,0.027609182725665763,,1.4439602565523193,0.8993861282395873,1785761198,82,0,,
20260803,02,8,C,trio,4-5-6,142.5,0.024332700826110394,,3.4674098677207312,0.8993861282395873,1785761198,82,0,,
20260803,02,8,C,trio,2-5-6,144.1,0.015913607458129763,,2.293150834716499,0.8993861282395873,1785761198,82,0,,
20260803,02,8,C,trio,2-4-5,183.3,0.014860594016310888,,2.723946883189786,0.8993861282395873,1785761198,82,0,,
